CRITICAL - 2026-02-28 20:41:11 --> ErrorException: Undefined array key "kyokai_officer_id"
[Method: GET, Route: shinsa/detail/33]
in APPPATH\Controllers\Shinsa.php on line 101.
 1 APPPATH\Controllers\Shinsa.php(101): CodeIgniter\Debug\Exceptions->errorHandler(2, 'Undefined array key "kyokai_officer_id"', 'C:\\xampp_htdocs\\kasugaikyudo\\production\\app\\Controllers\\Shinsa.php', 101)
 2 SYSTEMPATH\CodeIgniter.php(933): App\Controllers\Shinsa->detail('33')
 3 SYSTEMPATH\CodeIgniter.php(509): CodeIgniter\CodeIgniter->runController(Object(App\Controllers\Shinsa))
 4 SYSTEMPATH\CodeIgniter.php(355): CodeIgniter\CodeIgniter->handleRequest(null, Object(Config\Cache), false)
 5 SYSTEMPATH\Boot.php(325): CodeIgniter\CodeIgniter->run()
 6 SYSTEMPATH\Boot.php(67): CodeIgniter\Boot::runCodeIgniter(Object(CodeIgniter\CodeIgniter))
 7 FCPATH\index.php(56): CodeIgniter\Boot::bootWeb(Object(Config\Paths))
CRITICAL - 2026-02-28 20:41:22 --> ErrorException: Undefined array key "kyokai_officer_id"
[Method: GET, Route: shinsa/detail/39]
in APPPATH\Controllers\Shinsa.php on line 101.
 1 APPPATH\Controllers\Shinsa.php(101): CodeIgniter\Debug\Exceptions->errorHandler(2, 'Undefined array key "kyokai_officer_id"', 'C:\\xampp_htdocs\\kasugaikyudo\\production\\app\\Controllers\\Shinsa.php', 101)
 2 SYSTEMPATH\CodeIgniter.php(933): App\Controllers\Shinsa->detail('39')
 3 SYSTEMPATH\CodeIgniter.php(509): CodeIgniter\CodeIgniter->runController(Object(App\Controllers\Shinsa))
 4 SYSTEMPATH\CodeIgniter.php(355): CodeIgniter\CodeIgniter->handleRequest(null, Object(Config\Cache), false)
 5 SYSTEMPATH\Boot.php(325): CodeIgniter\CodeIgniter->run()
 6 SYSTEMPATH\Boot.php(67): CodeIgniter\Boot::runCodeIgniter(Object(CodeIgniter\CodeIgniter))
 7 FCPATH\index.php(56): CodeIgniter\Boot::bootWeb(Object(Config\Paths))
CRITICAL - 2026-02-28 20:48:21 --> ErrorException: Undefined array key "kyokai_officer_id"
[Method: GET, Route: shinsa/detail/33]
in APPPATH\Controllers\Shinsa.php on line 101.
 1 APPPATH\Controllers\Shinsa.php(101): CodeIgniter\Debug\Exceptions->errorHandler(2, 'Undefined array key "kyokai_officer_id"', 'C:\\xampp_htdocs\\kasugaikyudo\\production\\app\\Controllers\\Shinsa.php', 101)
 2 SYSTEMPATH\CodeIgniter.php(933): App\Controllers\Shinsa->detail('33')
 3 SYSTEMPATH\CodeIgniter.php(509): CodeIgniter\CodeIgniter->runController(Object(App\Controllers\Shinsa))
 4 SYSTEMPATH\CodeIgniter.php(355): CodeIgniter\CodeIgniter->handleRequest(null, Object(Config\Cache), false)
 5 SYSTEMPATH\Boot.php(325): CodeIgniter\CodeIgniter->run()
 6 SYSTEMPATH\Boot.php(67): CodeIgniter\Boot::runCodeIgniter(Object(CodeIgniter\CodeIgniter))
 7 FCPATH\index.php(56): CodeIgniter\Boot::bootWeb(Object(Config\Paths))
CRITICAL - 2026-02-28 20:54:23 --> ErrorException: Undefined array key "officer_level"
[Method: GET, Route: shinsa/detail/39]
in APPPATH\Helpers\shinsa_helper.php on line 552.
 1 APPPATH\Helpers\shinsa_helper.php(552): CodeIgniter\Debug\Exceptions->errorHandler(2, 'Undefined array key "officer_level"', 'C:\\xampp_htdocs\\kasugaikyudo\\production\\app\\Helpers\\shinsa_helper.php', 552)
 2 APPPATH\Helpers\shinsa_helper.php(387): get_shinsa_edit_html([...], [...], true, '2026-04-12')
 3 APPPATH\Views\shinsa\detail_chiho.php(4): get_shinsa_chiho_detail_html([...], [...], [...], true)
 4 SYSTEMPATH\View\View.php(234): include('C:\\xampp_htdocs\\kasugaikyudo\\production\\app\\Views\\shinsa\\detail_chiho.php')
 5 SYSTEMPATH\View\View.php(237): CodeIgniter\View\View->CodeIgniter\View\{closure}()
 6 SYSTEMPATH\Common.php(1171): CodeIgniter\View\View->render('shinsa/detail_chiho', [], true)
 7 APPPATH\Controllers\Shinsa.php(153): view('shinsa/detail_chiho')
 8 SYSTEMPATH\CodeIgniter.php(933): App\Controllers\Shinsa->detail('39')
 9 SYSTEMPATH\CodeIgniter.php(509): CodeIgniter\CodeIgniter->runController(Object(App\Controllers\Shinsa))
10 SYSTEMPATH\CodeIgniter.php(355): CodeIgniter\CodeIgniter->handleRequest(null, Object(Config\Cache), false)
11 SYSTEMPATH\Boot.php(325): CodeIgniter\CodeIgniter->run()
12 SYSTEMPATH\Boot.php(67): CodeIgniter\Boot::runCodeIgniter(Object(CodeIgniter\CodeIgniter))
13 FCPATH\index.php(56): CodeIgniter\Boot::bootWeb(Object(Config\Paths))
ERROR - 2026-02-28 22:41:51 --> mysqli_sql_exception: Unknown column 'mko.kyokai_officer_id' in 'where clause' in C:\xampp_htdocs\kasugaikyudo\production\system\Database\MySQLi\Connection.php:312
Stack trace:
#0 C:\xampp_htdocs\kasugaikyudo\production\system\Database\MySQLi\Connection.php(312): mysqli->query('\n            SE...', 0)
#1 C:\xampp_htdocs\kasugaikyudo\production\system\Database\BaseConnection.php(734): CodeIgniter\Database\MySQLi\Connection->execute('\n            SE...')
#2 C:\xampp_htdocs\kasugaikyudo\production\system\Database\BaseConnection.php(648): CodeIgniter\Database\BaseConnection->simpleQuery('\n            SE...')
#3 C:\xampp_htdocs\kasugaikyudo\production\app\Models\BaseQueryModel.php(96): CodeIgniter\Database\BaseConnection->query('\n            SE...', Array)
#4 C:\xampp_htdocs\kasugaikyudo\production\app\Models\ShinsaModel.php(409): App\Models\BaseQueryModel->get_first_row('\n            SE...', Array, 'array')
#5 C:\xampp_htdocs\kasugaikyudo\production\app\Libraries\ShinsaLibrarie.php(136): App\Models\ShinsaModel->get_shinsa_detail(39, 65)
#6 C:\xampp_htdocs\kasugaikyudo\production\app\Controllers\Shinsa.php(77): App\Libraries\ShinsaLibrarie->get_shinsa_detail(39, 65)
#7 C:\xampp_htdocs\kasugaikyudo\production\system\CodeIgniter.php(933): App\Controllers\Shinsa->detail('39')
#8 C:\xampp_htdocs\kasugaikyudo\production\system\CodeIgniter.php(509): CodeIgniter\CodeIgniter->runController(Object(App\Controllers\Shinsa))
#9 C:\xampp_htdocs\kasugaikyudo\production\system\CodeIgniter.php(355): CodeIgniter\CodeIgniter->handleRequest(NULL, Object(Config\Cache), false)
#10 C:\xampp_htdocs\kasugaikyudo\production\system\Boot.php(325): CodeIgniter\CodeIgniter->run()
#11 C:\xampp_htdocs\kasugaikyudo\production\system\Boot.php(67): CodeIgniter\Boot::runCodeIgniter(Object(CodeIgniter\CodeIgniter))
#12 C:\xampp_htdocs\kasugaikyudo\production\index.php(56): CodeIgniter\Boot::bootWeb(Object(Config\Paths))
#13 {main}
CRITICAL - 2026-02-28 22:41:51 --> CodeIgniter\Database\Exceptions\DatabaseException: Unknown column 'mko.kyokai_officer_id' in 'where clause'
[Method: GET, Route: shinsa/detail/39]
in SYSTEMPATH\Database\BaseConnection.php on line 688.
 1 APPPATH\Models\BaseQueryModel.php(96): CodeIgniter\Database\BaseConnection->query('
            SELECT
                tsi.shinsa_id,
				tsi.fiscal_year_id,
                tsi.category_id,
                tsi.uketuke_limit_zenkyuren,
                tsi.uketuke_limit_tokairengo,
                tsi.uketuke_limit_aikyuren,
                tsi.uketuke_limit_aikyuren_st,
                tsi.uketuke_limit_aikyuren_ed,
                tsi.uketuke_limit_kasugai,
				mag.area_group_name,
                msn.shinsa_name,
                msn.shinsa_name_short,
                msc.shinsa_class_name,
                msc.shinsa_class_name_short,
                mka.kaijo_name,
                mka.kaijo_name_short,
                tsi.shinsa_class_id,
                mhg.holder_grade_name as all_holder_grade_name,
                tsi.gender_cd,
                tsi.shinsa_name_id,
                tsi.area_group_id,
                tsi.kaijo_id,
                tsi.kaijo_other_name,
                tsi.kaijo_other_name_abb,
                tsi.created,
                tsi.modified,
                sht.shinsa_target_id,
                sht.shinsa_target_name,
                sht.pass_grade_group_id,
				CASE WHEN sof.shinsa_offer_id IS NOT NULL THEN 1 ELSE 0 END sanka_flg,
                sof.result_flg,
				CASE 
					WHEN ( 
						SELECT
							MIN(shinsa_date) 
						FROM
							t_shinsa_date_target 
						WHERE
							shinsa_id = tsi.shinsa_id
					) > CURDATE() 
					THEN :flgOn:
					ELSE :flgOff:
				END future_flg,
                ( 
                    SELECT
                        kom.officer_level
                    FROM 
                        m_kyokai_officer_member kom
                    WHERE
                        kom.kyokai_officer_id = mko.kyokai_officer_id
                        AND kom.member_id = :memberId:
                ) AS officer_level
            FROM t_shinsa_info tsi
            	INNER JOIN m_shinsa_name msn ON
            		msn.shinsa_name_id = tsi.shinsa_name_id
            	INNER JOIN m_shinsa_class msc ON
            		msc.shinsa_class_id = tsi.shinsa_class_id
				INNER JOIN m_holder_grade mhg ON
					mhg.holder_grade_id = tsi.all_holder_grade_id
                LEFT JOIN m_kaijo mka ON
                    mka.kaijo_id = tsi.kaijo_id
                LEFT JOIN t_shinsa_offer_member sof ON
                    sof.shinsa_id = tsi.shinsa_id
                    AND sof.member_id = :memberId:
                LEFT JOIN m_shinsa_target sht ON
                    sht.shinsa_target_id = sof.shinsa_target_id
				LEFT JOIN m_area_group mag ON
					mag.area_group_id = tsi.area_group_id
            WHERE
            	tsi.shinsa_id = :shinsaId:
		', [...])
 2 APPPATH\Models\ShinsaModel.php(409): App\Models\BaseQueryModel->get_first_row('
            SELECT
                tsi.shinsa_id,
				tsi.fiscal_year_id,
                tsi.category_id,
                tsi.uketuke_limit_zenkyuren,
                tsi.uketuke_limit_tokairengo,
                tsi.uketuke_limit_aikyuren,
                tsi.uketuke_limit_aikyuren_st,
                tsi.uketuke_limit_aikyuren_ed,
                tsi.uketuke_limit_kasugai,
				mag.area_group_name,
                msn.shinsa_name,
                msn.shinsa_name_short,
                msc.shinsa_class_name,
                msc.shinsa_class_name_short,
                mka.kaijo_name,
                mka.kaijo_name_short,
                tsi.shinsa_class_id,
                mhg.holder_grade_name as all_holder_grade_name,
                tsi.gender_cd,
                tsi.shinsa_name_id,
                tsi.area_group_id,
                tsi.kaijo_id,
                tsi.kaijo_other_name,
                tsi.kaijo_other_name_abb,
                tsi.created,
                tsi.modified,
                sht.shinsa_target_id,
                sht.shinsa_target_name,
                sht.pass_grade_group_id,
				CASE WHEN sof.shinsa_offer_id IS NOT NULL THEN 1 ELSE 0 END sanka_flg,
                sof.result_flg,
				CASE 
					WHEN ( 
						SELECT
							MIN(shinsa_date) 
						FROM
							t_shinsa_date_target 
						WHERE
							shinsa_id = tsi.shinsa_id
					) > CURDATE() 
					THEN :flgOn:
					ELSE :flgOff:
				END future_flg,
                ( 
                    SELECT
                        kom.officer_level
                    FROM 
                        m_kyokai_officer_member kom
                    WHERE
                        kom.kyokai_officer_id = mko.kyokai_officer_id
                        AND kom.member_id = :memberId:
                ) AS officer_level
            FROM t_shinsa_info tsi
            	INNER JOIN m_shinsa_name msn ON
            		msn.shinsa_name_id = tsi.shinsa_name_id
            	INNER JOIN m_shinsa_class msc ON
            		msc.shinsa_class_id = tsi.shinsa_class_id
				INNER JOIN m_holder_grade mhg ON
					mhg.holder_grade_id = tsi.all_holder_grade_id
                LEFT JOIN m_kaijo mka ON
                    mka.kaijo_id = tsi.kaijo_id
                LEFT JOIN t_shinsa_offer_member sof ON
                    sof.shinsa_id = tsi.shinsa_id
                    AND sof.member_id = :memberId:
                LEFT JOIN m_shinsa_target sht ON
                    sht.shinsa_target_id = sof.shinsa_target_id
				LEFT JOIN m_area_group mag ON
					mag.area_group_id = tsi.area_group_id
            WHERE
            	tsi.shinsa_id = :shinsaId:
		', [...], 'array')
 3 APPPATH\Libraries\ShinsaLibrarie.php(136): App\Models\ShinsaModel->get_shinsa_detail(39, 65)
 4 APPPATH\Controllers\Shinsa.php(77): App\Libraries\ShinsaLibrarie->get_shinsa_detail(39, 65)
 5 SYSTEMPATH\CodeIgniter.php(933): App\Controllers\Shinsa->detail('39')
 6 SYSTEMPATH\CodeIgniter.php(509): CodeIgniter\CodeIgniter->runController(Object(App\Controllers\Shinsa))
 7 SYSTEMPATH\CodeIgniter.php(355): CodeIgniter\CodeIgniter->handleRequest(null, Object(Config\Cache), false)
 8 SYSTEMPATH\Boot.php(325): CodeIgniter\CodeIgniter->run()
 9 SYSTEMPATH\Boot.php(67): CodeIgniter\Boot::runCodeIgniter(Object(CodeIgniter\CodeIgniter))
10 FCPATH\index.php(56): CodeIgniter\Boot::bootWeb(Object(Config\Paths))
CRITICAL - 2026-02-28 22:41:51 --> [Caused by] CodeIgniter\Database\Exceptions\DatabaseException: Unknown column 'mko.kyokai_officer_id' in 'where clause'
in SYSTEMPATH\Database\MySQLi\Connection.php on line 317.
 1 SYSTEMPATH\Database\BaseConnection.php(734): CodeIgniter\Database\MySQLi\Connection->execute('
            SELECT
                tsi.shinsa_id,
				tsi.fiscal_year_id,
                tsi.category_id,
                tsi.uketuke_limit_zenkyuren,
                tsi.uketuke_limit_tokairengo,
                tsi.uketuke_limit_aikyuren,
                tsi.uketuke_limit_aikyuren_st,
                tsi.uketuke_limit_aikyuren_ed,
                tsi.uketuke_limit_kasugai,
				mag.area_group_name,
                msn.shinsa_name,
                msn.shinsa_name_short,
                msc.shinsa_class_name,
                msc.shinsa_class_name_short,
                mka.kaijo_name,
                mka.kaijo_name_short,
                tsi.shinsa_class_id,
                mhg.holder_grade_name as all_holder_grade_name,
                tsi.gender_cd,
                tsi.shinsa_name_id,
                tsi.area_group_id,
                tsi.kaijo_id,
                tsi.kaijo_other_name,
                tsi.kaijo_other_name_abb,
                tsi.created,
                tsi.modified,
                sht.shinsa_target_id,
                sht.shinsa_target_name,
                sht.pass_grade_group_id,
				CASE WHEN sof.shinsa_offer_id IS NOT NULL THEN 1 ELSE 0 END sanka_flg,
                sof.result_flg,
				CASE 
					WHEN ( 
						SELECT
							MIN(shinsa_date) 
						FROM
							t_shinsa_date_target 
						WHERE
							shinsa_id = tsi.shinsa_id
					) > CURDATE() 
					THEN \'1\'
					ELSE \'0\'
				END future_flg,
                ( 
                    SELECT
                        kom.officer_level
                    FROM 
                        m_kyokai_officer_member kom
                    WHERE
                        kom.kyokai_officer_id = mko.kyokai_officer_id
                        AND kom.member_id = 65
                ) AS officer_level
            FROM t_shinsa_info tsi
            	INNER JOIN m_shinsa_name msn ON
            		msn.shinsa_name_id = tsi.shinsa_name_id
            	INNER JOIN m_shinsa_class msc ON
            		msc.shinsa_class_id = tsi.shinsa_class_id
				INNER JOIN m_holder_grade mhg ON
					mhg.holder_grade_id = tsi.all_holder_grade_id
                LEFT JOIN m_kaijo mka ON
                    mka.kaijo_id = tsi.kaijo_id
                LEFT JOIN t_shinsa_offer_member sof ON
                    sof.shinsa_id = tsi.shinsa_id
                    AND sof.member_id = 65
                LEFT JOIN m_shinsa_target sht ON
                    sht.shinsa_target_id = sof.shinsa_target_id
				LEFT JOIN m_area_group mag ON
					mag.area_group_id = tsi.area_group_id
            WHERE
            	tsi.shinsa_id = 39
		')
 2 SYSTEMPATH\Database\BaseConnection.php(648): CodeIgniter\Database\BaseConnection->simpleQuery('
            SELECT
                tsi.shinsa_id,
				tsi.fiscal_year_id,
                tsi.category_id,
                tsi.uketuke_limit_zenkyuren,
                tsi.uketuke_limit_tokairengo,
                tsi.uketuke_limit_aikyuren,
                tsi.uketuke_limit_aikyuren_st,
                tsi.uketuke_limit_aikyuren_ed,
                tsi.uketuke_limit_kasugai,
				mag.area_group_name,
                msn.shinsa_name,
                msn.shinsa_name_short,
                msc.shinsa_class_name,
                msc.shinsa_class_name_short,
                mka.kaijo_name,
                mka.kaijo_name_short,
                tsi.shinsa_class_id,
                mhg.holder_grade_name as all_holder_grade_name,
                tsi.gender_cd,
                tsi.shinsa_name_id,
                tsi.area_group_id,
                tsi.kaijo_id,
                tsi.kaijo_other_name,
                tsi.kaijo_other_name_abb,
                tsi.created,
                tsi.modified,
                sht.shinsa_target_id,
                sht.shinsa_target_name,
                sht.pass_grade_group_id,
				CASE WHEN sof.shinsa_offer_id IS NOT NULL THEN 1 ELSE 0 END sanka_flg,
                sof.result_flg,
				CASE 
					WHEN ( 
						SELECT
							MIN(shinsa_date) 
						FROM
							t_shinsa_date_target 
						WHERE
							shinsa_id = tsi.shinsa_id
					) > CURDATE() 
					THEN \'1\'
					ELSE \'0\'
				END future_flg,
                ( 
                    SELECT
                        kom.officer_level
                    FROM 
                        m_kyokai_officer_member kom
                    WHERE
                        kom.kyokai_officer_id = mko.kyokai_officer_id
                        AND kom.member_id = 65
                ) AS officer_level
            FROM t_shinsa_info tsi
            	INNER JOIN m_shinsa_name msn ON
            		msn.shinsa_name_id = tsi.shinsa_name_id
            	INNER JOIN m_shinsa_class msc ON
            		msc.shinsa_class_id = tsi.shinsa_class_id
				INNER JOIN m_holder_grade mhg ON
					mhg.holder_grade_id = tsi.all_holder_grade_id
                LEFT JOIN m_kaijo mka ON
                    mka.kaijo_id = tsi.kaijo_id
                LEFT JOIN t_shinsa_offer_member sof ON
                    sof.shinsa_id = tsi.shinsa_id
                    AND sof.member_id = 65
                LEFT JOIN m_shinsa_target sht ON
                    sht.shinsa_target_id = sof.shinsa_target_id
				LEFT JOIN m_area_group mag ON
					mag.area_group_id = tsi.area_group_id
            WHERE
            	tsi.shinsa_id = 39
		')
 3 APPPATH\Models\BaseQueryModel.php(96): CodeIgniter\Database\BaseConnection->query('
            SELECT
                tsi.shinsa_id,
				tsi.fiscal_year_id,
                tsi.category_id,
                tsi.uketuke_limit_zenkyuren,
                tsi.uketuke_limit_tokairengo,
                tsi.uketuke_limit_aikyuren,
                tsi.uketuke_limit_aikyuren_st,
                tsi.uketuke_limit_aikyuren_ed,
                tsi.uketuke_limit_kasugai,
				mag.area_group_name,
                msn.shinsa_name,
                msn.shinsa_name_short,
                msc.shinsa_class_name,
                msc.shinsa_class_name_short,
                mka.kaijo_name,
                mka.kaijo_name_short,
                tsi.shinsa_class_id,
                mhg.holder_grade_name as all_holder_grade_name,
                tsi.gender_cd,
                tsi.shinsa_name_id,
                tsi.area_group_id,
                tsi.kaijo_id,
                tsi.kaijo_other_name,
                tsi.kaijo_other_name_abb,
                tsi.created,
                tsi.modified,
                sht.shinsa_target_id,
                sht.shinsa_target_name,
                sht.pass_grade_group_id,
				CASE WHEN sof.shinsa_offer_id IS NOT NULL THEN 1 ELSE 0 END sanka_flg,
                sof.result_flg,
				CASE 
					WHEN ( 
						SELECT
							MIN(shinsa_date) 
						FROM
							t_shinsa_date_target 
						WHERE
							shinsa_id = tsi.shinsa_id
					) > CURDATE() 
					THEN :flgOn:
					ELSE :flgOff:
				END future_flg,
                ( 
                    SELECT
                        kom.officer_level
                    FROM 
                        m_kyokai_officer_member kom
                    WHERE
                        kom.kyokai_officer_id = mko.kyokai_officer_id
                        AND kom.member_id = :memberId:
                ) AS officer_level
            FROM t_shinsa_info tsi
            	INNER JOIN m_shinsa_name msn ON
            		msn.shinsa_name_id = tsi.shinsa_name_id
            	INNER JOIN m_shinsa_class msc ON
            		msc.shinsa_class_id = tsi.shinsa_class_id
				INNER JOIN m_holder_grade mhg ON
					mhg.holder_grade_id = tsi.all_holder_grade_id
                LEFT JOIN m_kaijo mka ON
                    mka.kaijo_id = tsi.kaijo_id
                LEFT JOIN t_shinsa_offer_member sof ON
                    sof.shinsa_id = tsi.shinsa_id
                    AND sof.member_id = :memberId:
                LEFT JOIN m_shinsa_target sht ON
                    sht.shinsa_target_id = sof.shinsa_target_id
				LEFT JOIN m_area_group mag ON
					mag.area_group_id = tsi.area_group_id
            WHERE
            	tsi.shinsa_id = :shinsaId:
		', [...])
 4 APPPATH\Models\ShinsaModel.php(409): App\Models\BaseQueryModel->get_first_row('
            SELECT
                tsi.shinsa_id,
				tsi.fiscal_year_id,
                tsi.category_id,
                tsi.uketuke_limit_zenkyuren,
                tsi.uketuke_limit_tokairengo,
                tsi.uketuke_limit_aikyuren,
                tsi.uketuke_limit_aikyuren_st,
                tsi.uketuke_limit_aikyuren_ed,
                tsi.uketuke_limit_kasugai,
				mag.area_group_name,
                msn.shinsa_name,
                msn.shinsa_name_short,
                msc.shinsa_class_name,
                msc.shinsa_class_name_short,
                mka.kaijo_name,
                mka.kaijo_name_short,
                tsi.shinsa_class_id,
                mhg.holder_grade_name as all_holder_grade_name,
                tsi.gender_cd,
                tsi.shinsa_name_id,
                tsi.area_group_id,
                tsi.kaijo_id,
                tsi.kaijo_other_name,
                tsi.kaijo_other_name_abb,
                tsi.created,
                tsi.modified,
                sht.shinsa_target_id,
                sht.shinsa_target_name,
                sht.pass_grade_group_id,
				CASE WHEN sof.shinsa_offer_id IS NOT NULL THEN 1 ELSE 0 END sanka_flg,
                sof.result_flg,
				CASE 
					WHEN ( 
						SELECT
							MIN(shinsa_date) 
						FROM
							t_shinsa_date_target 
						WHERE
							shinsa_id = tsi.shinsa_id
					) > CURDATE() 
					THEN :flgOn:
					ELSE :flgOff:
				END future_flg,
                ( 
                    SELECT
                        kom.officer_level
                    FROM 
                        m_kyokai_officer_member kom
                    WHERE
                        kom.kyokai_officer_id = mko.kyokai_officer_id
                        AND kom.member_id = :memberId:
                ) AS officer_level
            FROM t_shinsa_info tsi
            	INNER JOIN m_shinsa_name msn ON
            		msn.shinsa_name_id = tsi.shinsa_name_id
            	INNER JOIN m_shinsa_class msc ON
            		msc.shinsa_class_id = tsi.shinsa_class_id
				INNER JOIN m_holder_grade mhg ON
					mhg.holder_grade_id = tsi.all_holder_grade_id
                LEFT JOIN m_kaijo mka ON
                    mka.kaijo_id = tsi.kaijo_id
                LEFT JOIN t_shinsa_offer_member sof ON
                    sof.shinsa_id = tsi.shinsa_id
                    AND sof.member_id = :memberId:
                LEFT JOIN m_shinsa_target sht ON
                    sht.shinsa_target_id = sof.shinsa_target_id
				LEFT JOIN m_area_group mag ON
					mag.area_group_id = tsi.area_group_id
            WHERE
            	tsi.shinsa_id = :shinsaId:
		', [...], 'array')
 5 APPPATH\Libraries\ShinsaLibrarie.php(136): App\Models\ShinsaModel->get_shinsa_detail(39, 65)
 6 APPPATH\Controllers\Shinsa.php(77): App\Libraries\ShinsaLibrarie->get_shinsa_detail(39, 65)
 7 SYSTEMPATH\CodeIgniter.php(933): App\Controllers\Shinsa->detail('39')
 8 SYSTEMPATH\CodeIgniter.php(509): CodeIgniter\CodeIgniter->runController(Object(App\Controllers\Shinsa))
 9 SYSTEMPATH\CodeIgniter.php(355): CodeIgniter\CodeIgniter->handleRequest(null, Object(Config\Cache), false)
10 SYSTEMPATH\Boot.php(325): CodeIgniter\CodeIgniter->run()
11 SYSTEMPATH\Boot.php(67): CodeIgniter\Boot::runCodeIgniter(Object(CodeIgniter\CodeIgniter))
12 FCPATH\index.php(56): CodeIgniter\Boot::bootWeb(Object(Config\Paths))
CRITICAL - 2026-02-28 22:41:51 --> [Caused by] mysqli_sql_exception: Unknown column 'mko.kyokai_officer_id' in 'where clause'
in SYSTEMPATH\Database\MySQLi\Connection.php on line 312.
 1 SYSTEMPATH\Database\MySQLi\Connection.php(312): mysqli->query('
            SELECT
                tsi.shinsa_id,
				tsi.fiscal_year_id,
                tsi.category_id,
                tsi.uketuke_limit_zenkyuren,
                tsi.uketuke_limit_tokairengo,
                tsi.uketuke_limit_aikyuren,
                tsi.uketuke_limit_aikyuren_st,
                tsi.uketuke_limit_aikyuren_ed,
                tsi.uketuke_limit_kasugai,
				mag.area_group_name,
                msn.shinsa_name,
                msn.shinsa_name_short,
                msc.shinsa_class_name,
                msc.shinsa_class_name_short,
                mka.kaijo_name,
                mka.kaijo_name_short,
                tsi.shinsa_class_id,
                mhg.holder_grade_name as all_holder_grade_name,
                tsi.gender_cd,
                tsi.shinsa_name_id,
                tsi.area_group_id,
                tsi.kaijo_id,
                tsi.kaijo_other_name,
                tsi.kaijo_other_name_abb,
                tsi.created,
                tsi.modified,
                sht.shinsa_target_id,
                sht.shinsa_target_name,
                sht.pass_grade_group_id,
				CASE WHEN sof.shinsa_offer_id IS NOT NULL THEN 1 ELSE 0 END sanka_flg,
                sof.result_flg,
				CASE 
					WHEN ( 
						SELECT
							MIN(shinsa_date) 
						FROM
							t_shinsa_date_target 
						WHERE
							shinsa_id = tsi.shinsa_id
					) > CURDATE() 
					THEN \'1\'
					ELSE \'0\'
				END future_flg,
                ( 
                    SELECT
                        kom.officer_level
                    FROM 
                        m_kyokai_officer_member kom
                    WHERE
                        kom.kyokai_officer_id = mko.kyokai_officer_id
                        AND kom.member_id = 65
                ) AS officer_level
            FROM t_shinsa_info tsi
            	INNER JOIN m_shinsa_name msn ON
            		msn.shinsa_name_id = tsi.shinsa_name_id
            	INNER JOIN m_shinsa_class msc ON
            		msc.shinsa_class_id = tsi.shinsa_class_id
				INNER JOIN m_holder_grade mhg ON
					mhg.holder_grade_id = tsi.all_holder_grade_id
                LEFT JOIN m_kaijo mka ON
                    mka.kaijo_id = tsi.kaijo_id
                LEFT JOIN t_shinsa_offer_member sof ON
                    sof.shinsa_id = tsi.shinsa_id
                    AND sof.member_id = 65
                LEFT JOIN m_shinsa_target sht ON
                    sht.shinsa_target_id = sof.shinsa_target_id
				LEFT JOIN m_area_group mag ON
					mag.area_group_id = tsi.area_group_id
            WHERE
            	tsi.shinsa_id = 39
		', 0)
 2 SYSTEMPATH\Database\BaseConnection.php(734): CodeIgniter\Database\MySQLi\Connection->execute('
            SELECT
                tsi.shinsa_id,
				tsi.fiscal_year_id,
                tsi.category_id,
                tsi.uketuke_limit_zenkyuren,
                tsi.uketuke_limit_tokairengo,
                tsi.uketuke_limit_aikyuren,
                tsi.uketuke_limit_aikyuren_st,
                tsi.uketuke_limit_aikyuren_ed,
                tsi.uketuke_limit_kasugai,
				mag.area_group_name,
                msn.shinsa_name,
                msn.shinsa_name_short,
                msc.shinsa_class_name,
                msc.shinsa_class_name_short,
                mka.kaijo_name,
                mka.kaijo_name_short,
                tsi.shinsa_class_id,
                mhg.holder_grade_name as all_holder_grade_name,
                tsi.gender_cd,
                tsi.shinsa_name_id,
                tsi.area_group_id,
                tsi.kaijo_id,
                tsi.kaijo_other_name,
                tsi.kaijo_other_name_abb,
                tsi.created,
                tsi.modified,
                sht.shinsa_target_id,
                sht.shinsa_target_name,
                sht.pass_grade_group_id,
				CASE WHEN sof.shinsa_offer_id IS NOT NULL THEN 1 ELSE 0 END sanka_flg,
                sof.result_flg,
				CASE 
					WHEN ( 
						SELECT
							MIN(shinsa_date) 
						FROM
							t_shinsa_date_target 
						WHERE
							shinsa_id = tsi.shinsa_id
					) > CURDATE() 
					THEN \'1\'
					ELSE \'0\'
				END future_flg,
                ( 
                    SELECT
                        kom.officer_level
                    FROM 
                        m_kyokai_officer_member kom
                    WHERE
                        kom.kyokai_officer_id = mko.kyokai_officer_id
                        AND kom.member_id = 65
                ) AS officer_level
            FROM t_shinsa_info tsi
            	INNER JOIN m_shinsa_name msn ON
            		msn.shinsa_name_id = tsi.shinsa_name_id
            	INNER JOIN m_shinsa_class msc ON
            		msc.shinsa_class_id = tsi.shinsa_class_id
				INNER JOIN m_holder_grade mhg ON
					mhg.holder_grade_id = tsi.all_holder_grade_id
                LEFT JOIN m_kaijo mka ON
                    mka.kaijo_id = tsi.kaijo_id
                LEFT JOIN t_shinsa_offer_member sof ON
                    sof.shinsa_id = tsi.shinsa_id
                    AND sof.member_id = 65
                LEFT JOIN m_shinsa_target sht ON
                    sht.shinsa_target_id = sof.shinsa_target_id
				LEFT JOIN m_area_group mag ON
					mag.area_group_id = tsi.area_group_id
            WHERE
            	tsi.shinsa_id = 39
		')
 3 SYSTEMPATH\Database\BaseConnection.php(648): CodeIgniter\Database\BaseConnection->simpleQuery('
            SELECT
                tsi.shinsa_id,
				tsi.fiscal_year_id,
                tsi.category_id,
                tsi.uketuke_limit_zenkyuren,
                tsi.uketuke_limit_tokairengo,
                tsi.uketuke_limit_aikyuren,
                tsi.uketuke_limit_aikyuren_st,
                tsi.uketuke_limit_aikyuren_ed,
                tsi.uketuke_limit_kasugai,
				mag.area_group_name,
                msn.shinsa_name,
                msn.shinsa_name_short,
                msc.shinsa_class_name,
                msc.shinsa_class_name_short,
                mka.kaijo_name,
                mka.kaijo_name_short,
                tsi.shinsa_class_id,
                mhg.holder_grade_name as all_holder_grade_name,
                tsi.gender_cd,
                tsi.shinsa_name_id,
                tsi.area_group_id,
                tsi.kaijo_id,
                tsi.kaijo_other_name,
                tsi.kaijo_other_name_abb,
                tsi.created,
                tsi.modified,
                sht.shinsa_target_id,
                sht.shinsa_target_name,
                sht.pass_grade_group_id,
				CASE WHEN sof.shinsa_offer_id IS NOT NULL THEN 1 ELSE 0 END sanka_flg,
                sof.result_flg,
				CASE 
					WHEN ( 
						SELECT
							MIN(shinsa_date) 
						FROM
							t_shinsa_date_target 
						WHERE
							shinsa_id = tsi.shinsa_id
					) > CURDATE() 
					THEN \'1\'
					ELSE \'0\'
				END future_flg,
                ( 
                    SELECT
                        kom.officer_level
                    FROM 
                        m_kyokai_officer_member kom
                    WHERE
                        kom.kyokai_officer_id = mko.kyokai_officer_id
                        AND kom.member_id = 65
                ) AS officer_level
            FROM t_shinsa_info tsi
            	INNER JOIN m_shinsa_name msn ON
            		msn.shinsa_name_id = tsi.shinsa_name_id
            	INNER JOIN m_shinsa_class msc ON
            		msc.shinsa_class_id = tsi.shinsa_class_id
				INNER JOIN m_holder_grade mhg ON
					mhg.holder_grade_id = tsi.all_holder_grade_id
                LEFT JOIN m_kaijo mka ON
                    mka.kaijo_id = tsi.kaijo_id
                LEFT JOIN t_shinsa_offer_member sof ON
                    sof.shinsa_id = tsi.shinsa_id
                    AND sof.member_id = 65
                LEFT JOIN m_shinsa_target sht ON
                    sht.shinsa_target_id = sof.shinsa_target_id
				LEFT JOIN m_area_group mag ON
					mag.area_group_id = tsi.area_group_id
            WHERE
            	tsi.shinsa_id = 39
		')
 4 APPPATH\Models\BaseQueryModel.php(96): CodeIgniter\Database\BaseConnection->query('
            SELECT
                tsi.shinsa_id,
				tsi.fiscal_year_id,
                tsi.category_id,
                tsi.uketuke_limit_zenkyuren,
                tsi.uketuke_limit_tokairengo,
                tsi.uketuke_limit_aikyuren,
                tsi.uketuke_limit_aikyuren_st,
                tsi.uketuke_limit_aikyuren_ed,
                tsi.uketuke_limit_kasugai,
				mag.area_group_name,
                msn.shinsa_name,
                msn.shinsa_name_short,
                msc.shinsa_class_name,
                msc.shinsa_class_name_short,
                mka.kaijo_name,
                mka.kaijo_name_short,
                tsi.shinsa_class_id,
                mhg.holder_grade_name as all_holder_grade_name,
                tsi.gender_cd,
                tsi.shinsa_name_id,
                tsi.area_group_id,
                tsi.kaijo_id,
                tsi.kaijo_other_name,
                tsi.kaijo_other_name_abb,
                tsi.created,
                tsi.modified,
                sht.shinsa_target_id,
                sht.shinsa_target_name,
                sht.pass_grade_group_id,
				CASE WHEN sof.shinsa_offer_id IS NOT NULL THEN 1 ELSE 0 END sanka_flg,
                sof.result_flg,
				CASE 
					WHEN ( 
						SELECT
							MIN(shinsa_date) 
						FROM
							t_shinsa_date_target 
						WHERE
							shinsa_id = tsi.shinsa_id
					) > CURDATE() 
					THEN :flgOn:
					ELSE :flgOff:
				END future_flg,
                ( 
                    SELECT
                        kom.officer_level
                    FROM 
                        m_kyokai_officer_member kom
                    WHERE
                        kom.kyokai_officer_id = mko.kyokai_officer_id
                        AND kom.member_id = :memberId:
                ) AS officer_level
            FROM t_shinsa_info tsi
            	INNER JOIN m_shinsa_name msn ON
            		msn.shinsa_name_id = tsi.shinsa_name_id
            	INNER JOIN m_shinsa_class msc ON
            		msc.shinsa_class_id = tsi.shinsa_class_id
				INNER JOIN m_holder_grade mhg ON
					mhg.holder_grade_id = tsi.all_holder_grade_id
                LEFT JOIN m_kaijo mka ON
                    mka.kaijo_id = tsi.kaijo_id
                LEFT JOIN t_shinsa_offer_member sof ON
                    sof.shinsa_id = tsi.shinsa_id
                    AND sof.member_id = :memberId:
                LEFT JOIN m_shinsa_target sht ON
                    sht.shinsa_target_id = sof.shinsa_target_id
				LEFT JOIN m_area_group mag ON
					mag.area_group_id = tsi.area_group_id
            WHERE
            	tsi.shinsa_id = :shinsaId:
		', [...])
 5 APPPATH\Models\ShinsaModel.php(409): App\Models\BaseQueryModel->get_first_row('
            SELECT
                tsi.shinsa_id,
				tsi.fiscal_year_id,
                tsi.category_id,
                tsi.uketuke_limit_zenkyuren,
                tsi.uketuke_limit_tokairengo,
                tsi.uketuke_limit_aikyuren,
                tsi.uketuke_limit_aikyuren_st,
                tsi.uketuke_limit_aikyuren_ed,
                tsi.uketuke_limit_kasugai,
				mag.area_group_name,
                msn.shinsa_name,
                msn.shinsa_name_short,
                msc.shinsa_class_name,
                msc.shinsa_class_name_short,
                mka.kaijo_name,
                mka.kaijo_name_short,
                tsi.shinsa_class_id,
                mhg.holder_grade_name as all_holder_grade_name,
                tsi.gender_cd,
                tsi.shinsa_name_id,
                tsi.area_group_id,
                tsi.kaijo_id,
                tsi.kaijo_other_name,
                tsi.kaijo_other_name_abb,
                tsi.created,
                tsi.modified,
                sht.shinsa_target_id,
                sht.shinsa_target_name,
                sht.pass_grade_group_id,
				CASE WHEN sof.shinsa_offer_id IS NOT NULL THEN 1 ELSE 0 END sanka_flg,
                sof.result_flg,
				CASE 
					WHEN ( 
						SELECT
							MIN(shinsa_date) 
						FROM
							t_shinsa_date_target 
						WHERE
							shinsa_id = tsi.shinsa_id
					) > CURDATE() 
					THEN :flgOn:
					ELSE :flgOff:
				END future_flg,
                ( 
                    SELECT
                        kom.officer_level
                    FROM 
                        m_kyokai_officer_member kom
                    WHERE
                        kom.kyokai_officer_id = mko.kyokai_officer_id
                        AND kom.member_id = :memberId:
                ) AS officer_level
            FROM t_shinsa_info tsi
            	INNER JOIN m_shinsa_name msn ON
            		msn.shinsa_name_id = tsi.shinsa_name_id
            	INNER JOIN m_shinsa_class msc ON
            		msc.shinsa_class_id = tsi.shinsa_class_id
				INNER JOIN m_holder_grade mhg ON
					mhg.holder_grade_id = tsi.all_holder_grade_id
                LEFT JOIN m_kaijo mka ON
                    mka.kaijo_id = tsi.kaijo_id
                LEFT JOIN t_shinsa_offer_member sof ON
                    sof.shinsa_id = tsi.shinsa_id
                    AND sof.member_id = :memberId:
                LEFT JOIN m_shinsa_target sht ON
                    sht.shinsa_target_id = sof.shinsa_target_id
				LEFT JOIN m_area_group mag ON
					mag.area_group_id = tsi.area_group_id
            WHERE
            	tsi.shinsa_id = :shinsaId:
		', [...], 'array')
 6 APPPATH\Libraries\ShinsaLibrarie.php(136): App\Models\ShinsaModel->get_shinsa_detail(39, 65)
 7 APPPATH\Controllers\Shinsa.php(77): App\Libraries\ShinsaLibrarie->get_shinsa_detail(39, 65)
 8 SYSTEMPATH\CodeIgniter.php(933): App\Controllers\Shinsa->detail('39')
 9 SYSTEMPATH\CodeIgniter.php(509): CodeIgniter\CodeIgniter->runController(Object(App\Controllers\Shinsa))
10 SYSTEMPATH\CodeIgniter.php(355): CodeIgniter\CodeIgniter->handleRequest(null, Object(Config\Cache), false)
11 SYSTEMPATH\Boot.php(325): CodeIgniter\CodeIgniter->run()
12 SYSTEMPATH\Boot.php(67): CodeIgniter\Boot::runCodeIgniter(Object(CodeIgniter\CodeIgniter))
13 FCPATH\index.php(56): CodeIgniter\Boot::bootWeb(Object(Config\Paths))
ERROR - 2026-02-28 22:45:19 --> mysqli_sql_exception: Unknown column 'mko.officer_level' in 'field list' in C:\xampp_htdocs\kasugaikyudo\production\system\Database\MySQLi\Connection.php:312
Stack trace:
#0 C:\xampp_htdocs\kasugaikyudo\production\system\Database\MySQLi\Connection.php(312): mysqli->query('\n            SE...', 0)
#1 C:\xampp_htdocs\kasugaikyudo\production\system\Database\BaseConnection.php(734): CodeIgniter\Database\MySQLi\Connection->execute('\n            SE...')
#2 C:\xampp_htdocs\kasugaikyudo\production\system\Database\BaseConnection.php(648): CodeIgniter\Database\BaseConnection->simpleQuery('\n            SE...')
#3 C:\xampp_htdocs\kasugaikyudo\production\app\Models\BaseQueryModel.php(96): CodeIgniter\Database\BaseConnection->query('\n            SE...', Array)
#4 C:\xampp_htdocs\kasugaikyudo\production\app\Models\ShinsaModel.php(406): App\Models\BaseQueryModel->get_first_row('\n            SE...', Array, 'array')
#5 C:\xampp_htdocs\kasugaikyudo\production\app\Libraries\ShinsaLibrarie.php(136): App\Models\ShinsaModel->get_shinsa_detail(39, 65)
#6 C:\xampp_htdocs\kasugaikyudo\production\app\Controllers\Shinsa.php(77): App\Libraries\ShinsaLibrarie->get_shinsa_detail(39, 65)
#7 C:\xampp_htdocs\kasugaikyudo\production\system\CodeIgniter.php(933): App\Controllers\Shinsa->detail('39')
#8 C:\xampp_htdocs\kasugaikyudo\production\system\CodeIgniter.php(509): CodeIgniter\CodeIgniter->runController(Object(App\Controllers\Shinsa))
#9 C:\xampp_htdocs\kasugaikyudo\production\system\CodeIgniter.php(355): CodeIgniter\CodeIgniter->handleRequest(NULL, Object(Config\Cache), false)
#10 C:\xampp_htdocs\kasugaikyudo\production\system\Boot.php(325): CodeIgniter\CodeIgniter->run()
#11 C:\xampp_htdocs\kasugaikyudo\production\system\Boot.php(67): CodeIgniter\Boot::runCodeIgniter(Object(CodeIgniter\CodeIgniter))
#12 C:\xampp_htdocs\kasugaikyudo\production\index.php(56): CodeIgniter\Boot::bootWeb(Object(Config\Paths))
#13 {main}
CRITICAL - 2026-02-28 22:45:19 --> CodeIgniter\Database\Exceptions\DatabaseException: Unknown column 'mko.officer_level' in 'field list'
[Method: GET, Route: shinsa/detail/39]
in SYSTEMPATH\Database\BaseConnection.php on line 688.
 1 APPPATH\Models\BaseQueryModel.php(96): CodeIgniter\Database\BaseConnection->query('
            SELECT
                tsi.shinsa_id,
				tsi.fiscal_year_id,
                tsi.category_id,
                tsi.uketuke_limit_zenkyuren,
                tsi.uketuke_limit_tokairengo,
                tsi.uketuke_limit_aikyuren,
                tsi.uketuke_limit_aikyuren_st,
                tsi.uketuke_limit_aikyuren_ed,
                tsi.uketuke_limit_kasugai,
				mag.area_group_name,
                msn.shinsa_name,
                msn.shinsa_name_short,
                msc.shinsa_class_name,
                msc.shinsa_class_name_short,
                mka.kaijo_name,
                mka.kaijo_name_short,
                tsi.shinsa_class_id,
                mhg.holder_grade_name as all_holder_grade_name,
                tsi.gender_cd,
                tsi.shinsa_name_id,
                tsi.area_group_id,
                tsi.kaijo_id,
                tsi.kaijo_other_name,
                tsi.kaijo_other_name_abb,
                tsi.created,
                tsi.modified,
                sht.shinsa_target_id,
                sht.shinsa_target_name,
                sht.pass_grade_group_id,
				CASE WHEN sof.shinsa_offer_id IS NOT NULL THEN 1 ELSE 0 END sanka_flg,
                sof.result_flg,
				CASE 
					WHEN ( 
						SELECT
							MIN(shinsa_date) 
						FROM
							t_shinsa_date_target 
						WHERE
							shinsa_id = tsi.shinsa_id
					) > CURDATE() 
					THEN :flgOn:
					ELSE :flgOff:
				END future_flg,
				mko.officer_level
            FROM t_shinsa_info tsi
            	INNER JOIN m_shinsa_name msn ON
            		msn.shinsa_name_id = tsi.shinsa_name_id
            	INNER JOIN m_shinsa_class msc ON
            		msc.shinsa_class_id = tsi.shinsa_class_id
                INNER JOIN m_kyokai_officer mko ON
                    mko.kyokai_officer_id = msc.kyokai_officer_id
                LEFT JOIN m_kyokai_officer_member kom ON
                    kom.kyokai_officer_id = mko.kyokai_officer_id
                    AND kom.member_id = :memberId:
				INNER JOIN m_holder_grade mhg ON
					mhg.holder_grade_id = tsi.all_holder_grade_id
                LEFT JOIN m_kaijo mka ON
                    mka.kaijo_id = tsi.kaijo_id
                LEFT JOIN t_shinsa_offer_member sof ON
                    sof.shinsa_id = tsi.shinsa_id
                    AND sof.member_id = :memberId:
                LEFT JOIN m_shinsa_target sht ON
                    sht.shinsa_target_id = sof.shinsa_target_id
				LEFT JOIN m_area_group mag ON
					mag.area_group_id = tsi.area_group_id
            WHERE
            	tsi.shinsa_id = :shinsaId:
		', [...])
 2 APPPATH\Models\ShinsaModel.php(406): App\Models\BaseQueryModel->get_first_row('
            SELECT
                tsi.shinsa_id,
				tsi.fiscal_year_id,
                tsi.category_id,
                tsi.uketuke_limit_zenkyuren,
                tsi.uketuke_limit_tokairengo,
                tsi.uketuke_limit_aikyuren,
                tsi.uketuke_limit_aikyuren_st,
                tsi.uketuke_limit_aikyuren_ed,
                tsi.uketuke_limit_kasugai,
				mag.area_group_name,
                msn.shinsa_name,
                msn.shinsa_name_short,
                msc.shinsa_class_name,
                msc.shinsa_class_name_short,
                mka.kaijo_name,
                mka.kaijo_name_short,
                tsi.shinsa_class_id,
                mhg.holder_grade_name as all_holder_grade_name,
                tsi.gender_cd,
                tsi.shinsa_name_id,
                tsi.area_group_id,
                tsi.kaijo_id,
                tsi.kaijo_other_name,
                tsi.kaijo_other_name_abb,
                tsi.created,
                tsi.modified,
                sht.shinsa_target_id,
                sht.shinsa_target_name,
                sht.pass_grade_group_id,
				CASE WHEN sof.shinsa_offer_id IS NOT NULL THEN 1 ELSE 0 END sanka_flg,
                sof.result_flg,
				CASE 
					WHEN ( 
						SELECT
							MIN(shinsa_date) 
						FROM
							t_shinsa_date_target 
						WHERE
							shinsa_id = tsi.shinsa_id
					) > CURDATE() 
					THEN :flgOn:
					ELSE :flgOff:
				END future_flg,
				mko.officer_level
            FROM t_shinsa_info tsi
            	INNER JOIN m_shinsa_name msn ON
            		msn.shinsa_name_id = tsi.shinsa_name_id
            	INNER JOIN m_shinsa_class msc ON
            		msc.shinsa_class_id = tsi.shinsa_class_id
                INNER JOIN m_kyokai_officer mko ON
                    mko.kyokai_officer_id = msc.kyokai_officer_id
                LEFT JOIN m_kyokai_officer_member kom ON
                    kom.kyokai_officer_id = mko.kyokai_officer_id
                    AND kom.member_id = :memberId:
				INNER JOIN m_holder_grade mhg ON
					mhg.holder_grade_id = tsi.all_holder_grade_id
                LEFT JOIN m_kaijo mka ON
                    mka.kaijo_id = tsi.kaijo_id
                LEFT JOIN t_shinsa_offer_member sof ON
                    sof.shinsa_id = tsi.shinsa_id
                    AND sof.member_id = :memberId:
                LEFT JOIN m_shinsa_target sht ON
                    sht.shinsa_target_id = sof.shinsa_target_id
				LEFT JOIN m_area_group mag ON
					mag.area_group_id = tsi.area_group_id
            WHERE
            	tsi.shinsa_id = :shinsaId:
		', [...], 'array')
 3 APPPATH\Libraries\ShinsaLibrarie.php(136): App\Models\ShinsaModel->get_shinsa_detail(39, 65)
 4 APPPATH\Controllers\Shinsa.php(77): App\Libraries\ShinsaLibrarie->get_shinsa_detail(39, 65)
 5 SYSTEMPATH\CodeIgniter.php(933): App\Controllers\Shinsa->detail('39')
 6 SYSTEMPATH\CodeIgniter.php(509): CodeIgniter\CodeIgniter->runController(Object(App\Controllers\Shinsa))
 7 SYSTEMPATH\CodeIgniter.php(355): CodeIgniter\CodeIgniter->handleRequest(null, Object(Config\Cache), false)
 8 SYSTEMPATH\Boot.php(325): CodeIgniter\CodeIgniter->run()
 9 SYSTEMPATH\Boot.php(67): CodeIgniter\Boot::runCodeIgniter(Object(CodeIgniter\CodeIgniter))
10 FCPATH\index.php(56): CodeIgniter\Boot::bootWeb(Object(Config\Paths))
CRITICAL - 2026-02-28 22:45:19 --> [Caused by] CodeIgniter\Database\Exceptions\DatabaseException: Unknown column 'mko.officer_level' in 'field list'
in SYSTEMPATH\Database\MySQLi\Connection.php on line 317.
 1 SYSTEMPATH\Database\BaseConnection.php(734): CodeIgniter\Database\MySQLi\Connection->execute('
            SELECT
                tsi.shinsa_id,
				tsi.fiscal_year_id,
                tsi.category_id,
                tsi.uketuke_limit_zenkyuren,
                tsi.uketuke_limit_tokairengo,
                tsi.uketuke_limit_aikyuren,
                tsi.uketuke_limit_aikyuren_st,
                tsi.uketuke_limit_aikyuren_ed,
                tsi.uketuke_limit_kasugai,
				mag.area_group_name,
                msn.shinsa_name,
                msn.shinsa_name_short,
                msc.shinsa_class_name,
                msc.shinsa_class_name_short,
                mka.kaijo_name,
                mka.kaijo_name_short,
                tsi.shinsa_class_id,
                mhg.holder_grade_name as all_holder_grade_name,
                tsi.gender_cd,
                tsi.shinsa_name_id,
                tsi.area_group_id,
                tsi.kaijo_id,
                tsi.kaijo_other_name,
                tsi.kaijo_other_name_abb,
                tsi.created,
                tsi.modified,
                sht.shinsa_target_id,
                sht.shinsa_target_name,
                sht.pass_grade_group_id,
				CASE WHEN sof.shinsa_offer_id IS NOT NULL THEN 1 ELSE 0 END sanka_flg,
                sof.result_flg,
				CASE 
					WHEN ( 
						SELECT
							MIN(shinsa_date) 
						FROM
							t_shinsa_date_target 
						WHERE
							shinsa_id = tsi.shinsa_id
					) > CURDATE() 
					THEN \'1\'
					ELSE \'0\'
				END future_flg,
				mko.officer_level
            FROM t_shinsa_info tsi
            	INNER JOIN m_shinsa_name msn ON
            		msn.shinsa_name_id = tsi.shinsa_name_id
            	INNER JOIN m_shinsa_class msc ON
            		msc.shinsa_class_id = tsi.shinsa_class_id
                INNER JOIN m_kyokai_officer mko ON
                    mko.kyokai_officer_id = msc.kyokai_officer_id
                LEFT JOIN m_kyokai_officer_member kom ON
                    kom.kyokai_officer_id = mko.kyokai_officer_id
                    AND kom.member_id = 65
				INNER JOIN m_holder_grade mhg ON
					mhg.holder_grade_id = tsi.all_holder_grade_id
                LEFT JOIN m_kaijo mka ON
                    mka.kaijo_id = tsi.kaijo_id
                LEFT JOIN t_shinsa_offer_member sof ON
                    sof.shinsa_id = tsi.shinsa_id
                    AND sof.member_id = 65
                LEFT JOIN m_shinsa_target sht ON
                    sht.shinsa_target_id = sof.shinsa_target_id
				LEFT JOIN m_area_group mag ON
					mag.area_group_id = tsi.area_group_id
            WHERE
            	tsi.shinsa_id = 39
		')
 2 SYSTEMPATH\Database\BaseConnection.php(648): CodeIgniter\Database\BaseConnection->simpleQuery('
            SELECT
                tsi.shinsa_id,
				tsi.fiscal_year_id,
                tsi.category_id,
                tsi.uketuke_limit_zenkyuren,
                tsi.uketuke_limit_tokairengo,
                tsi.uketuke_limit_aikyuren,
                tsi.uketuke_limit_aikyuren_st,
                tsi.uketuke_limit_aikyuren_ed,
                tsi.uketuke_limit_kasugai,
				mag.area_group_name,
                msn.shinsa_name,
                msn.shinsa_name_short,
                msc.shinsa_class_name,
                msc.shinsa_class_name_short,
                mka.kaijo_name,
                mka.kaijo_name_short,
                tsi.shinsa_class_id,
                mhg.holder_grade_name as all_holder_grade_name,
                tsi.gender_cd,
                tsi.shinsa_name_id,
                tsi.area_group_id,
                tsi.kaijo_id,
                tsi.kaijo_other_name,
                tsi.kaijo_other_name_abb,
                tsi.created,
                tsi.modified,
                sht.shinsa_target_id,
                sht.shinsa_target_name,
                sht.pass_grade_group_id,
				CASE WHEN sof.shinsa_offer_id IS NOT NULL THEN 1 ELSE 0 END sanka_flg,
                sof.result_flg,
				CASE 
					WHEN ( 
						SELECT
							MIN(shinsa_date) 
						FROM
							t_shinsa_date_target 
						WHERE
							shinsa_id = tsi.shinsa_id
					) > CURDATE() 
					THEN \'1\'
					ELSE \'0\'
				END future_flg,
				mko.officer_level
            FROM t_shinsa_info tsi
            	INNER JOIN m_shinsa_name msn ON
            		msn.shinsa_name_id = tsi.shinsa_name_id
            	INNER JOIN m_shinsa_class msc ON
            		msc.shinsa_class_id = tsi.shinsa_class_id
                INNER JOIN m_kyokai_officer mko ON
                    mko.kyokai_officer_id = msc.kyokai_officer_id
                LEFT JOIN m_kyokai_officer_member kom ON
                    kom.kyokai_officer_id = mko.kyokai_officer_id
                    AND kom.member_id = 65
				INNER JOIN m_holder_grade mhg ON
					mhg.holder_grade_id = tsi.all_holder_grade_id
                LEFT JOIN m_kaijo mka ON
                    mka.kaijo_id = tsi.kaijo_id
                LEFT JOIN t_shinsa_offer_member sof ON
                    sof.shinsa_id = tsi.shinsa_id
                    AND sof.member_id = 65
                LEFT JOIN m_shinsa_target sht ON
                    sht.shinsa_target_id = sof.shinsa_target_id
				LEFT JOIN m_area_group mag ON
					mag.area_group_id = tsi.area_group_id
            WHERE
            	tsi.shinsa_id = 39
		')
 3 APPPATH\Models\BaseQueryModel.php(96): CodeIgniter\Database\BaseConnection->query('
            SELECT
                tsi.shinsa_id,
				tsi.fiscal_year_id,
                tsi.category_id,
                tsi.uketuke_limit_zenkyuren,
                tsi.uketuke_limit_tokairengo,
                tsi.uketuke_limit_aikyuren,
                tsi.uketuke_limit_aikyuren_st,
                tsi.uketuke_limit_aikyuren_ed,
                tsi.uketuke_limit_kasugai,
				mag.area_group_name,
                msn.shinsa_name,
                msn.shinsa_name_short,
                msc.shinsa_class_name,
                msc.shinsa_class_name_short,
                mka.kaijo_name,
                mka.kaijo_name_short,
                tsi.shinsa_class_id,
                mhg.holder_grade_name as all_holder_grade_name,
                tsi.gender_cd,
                tsi.shinsa_name_id,
                tsi.area_group_id,
                tsi.kaijo_id,
                tsi.kaijo_other_name,
                tsi.kaijo_other_name_abb,
                tsi.created,
                tsi.modified,
                sht.shinsa_target_id,
                sht.shinsa_target_name,
                sht.pass_grade_group_id,
				CASE WHEN sof.shinsa_offer_id IS NOT NULL THEN 1 ELSE 0 END sanka_flg,
                sof.result_flg,
				CASE 
					WHEN ( 
						SELECT
							MIN(shinsa_date) 
						FROM
							t_shinsa_date_target 
						WHERE
							shinsa_id = tsi.shinsa_id
					) > CURDATE() 
					THEN :flgOn:
					ELSE :flgOff:
				END future_flg,
				mko.officer_level
            FROM t_shinsa_info tsi
            	INNER JOIN m_shinsa_name msn ON
            		msn.shinsa_name_id = tsi.shinsa_name_id
            	INNER JOIN m_shinsa_class msc ON
            		msc.shinsa_class_id = tsi.shinsa_class_id
                INNER JOIN m_kyokai_officer mko ON
                    mko.kyokai_officer_id = msc.kyokai_officer_id
                LEFT JOIN m_kyokai_officer_member kom ON
                    kom.kyokai_officer_id = mko.kyokai_officer_id
                    AND kom.member_id = :memberId:
				INNER JOIN m_holder_grade mhg ON
					mhg.holder_grade_id = tsi.all_holder_grade_id
                LEFT JOIN m_kaijo mka ON
                    mka.kaijo_id = tsi.kaijo_id
                LEFT JOIN t_shinsa_offer_member sof ON
                    sof.shinsa_id = tsi.shinsa_id
                    AND sof.member_id = :memberId:
                LEFT JOIN m_shinsa_target sht ON
                    sht.shinsa_target_id = sof.shinsa_target_id
				LEFT JOIN m_area_group mag ON
					mag.area_group_id = tsi.area_group_id
            WHERE
            	tsi.shinsa_id = :shinsaId:
		', [...])
 4 APPPATH\Models\ShinsaModel.php(406): App\Models\BaseQueryModel->get_first_row('
            SELECT
                tsi.shinsa_id,
				tsi.fiscal_year_id,
                tsi.category_id,
                tsi.uketuke_limit_zenkyuren,
                tsi.uketuke_limit_tokairengo,
                tsi.uketuke_limit_aikyuren,
                tsi.uketuke_limit_aikyuren_st,
                tsi.uketuke_limit_aikyuren_ed,
                tsi.uketuke_limit_kasugai,
				mag.area_group_name,
                msn.shinsa_name,
                msn.shinsa_name_short,
                msc.shinsa_class_name,
                msc.shinsa_class_name_short,
                mka.kaijo_name,
                mka.kaijo_name_short,
                tsi.shinsa_class_id,
                mhg.holder_grade_name as all_holder_grade_name,
                tsi.gender_cd,
                tsi.shinsa_name_id,
                tsi.area_group_id,
                tsi.kaijo_id,
                tsi.kaijo_other_name,
                tsi.kaijo_other_name_abb,
                tsi.created,
                tsi.modified,
                sht.shinsa_target_id,
                sht.shinsa_target_name,
                sht.pass_grade_group_id,
				CASE WHEN sof.shinsa_offer_id IS NOT NULL THEN 1 ELSE 0 END sanka_flg,
                sof.result_flg,
				CASE 
					WHEN ( 
						SELECT
							MIN(shinsa_date) 
						FROM
							t_shinsa_date_target 
						WHERE
							shinsa_id = tsi.shinsa_id
					) > CURDATE() 
					THEN :flgOn:
					ELSE :flgOff:
				END future_flg,
				mko.officer_level
            FROM t_shinsa_info tsi
            	INNER JOIN m_shinsa_name msn ON
            		msn.shinsa_name_id = tsi.shinsa_name_id
            	INNER JOIN m_shinsa_class msc ON
            		msc.shinsa_class_id = tsi.shinsa_class_id
                INNER JOIN m_kyokai_officer mko ON
                    mko.kyokai_officer_id = msc.kyokai_officer_id
                LEFT JOIN m_kyokai_officer_member kom ON
                    kom.kyokai_officer_id = mko.kyokai_officer_id
                    AND kom.member_id = :memberId:
				INNER JOIN m_holder_grade mhg ON
					mhg.holder_grade_id = tsi.all_holder_grade_id
                LEFT JOIN m_kaijo mka ON
                    mka.kaijo_id = tsi.kaijo_id
                LEFT JOIN t_shinsa_offer_member sof ON
                    sof.shinsa_id = tsi.shinsa_id
                    AND sof.member_id = :memberId:
                LEFT JOIN m_shinsa_target sht ON
                    sht.shinsa_target_id = sof.shinsa_target_id
				LEFT JOIN m_area_group mag ON
					mag.area_group_id = tsi.area_group_id
            WHERE
            	tsi.shinsa_id = :shinsaId:
		', [...], 'array')
 5 APPPATH\Libraries\ShinsaLibrarie.php(136): App\Models\ShinsaModel->get_shinsa_detail(39, 65)
 6 APPPATH\Controllers\Shinsa.php(77): App\Libraries\ShinsaLibrarie->get_shinsa_detail(39, 65)
 7 SYSTEMPATH\CodeIgniter.php(933): App\Controllers\Shinsa->detail('39')
 8 SYSTEMPATH\CodeIgniter.php(509): CodeIgniter\CodeIgniter->runController(Object(App\Controllers\Shinsa))
 9 SYSTEMPATH\CodeIgniter.php(355): CodeIgniter\CodeIgniter->handleRequest(null, Object(Config\Cache), false)
10 SYSTEMPATH\Boot.php(325): CodeIgniter\CodeIgniter->run()
11 SYSTEMPATH\Boot.php(67): CodeIgniter\Boot::runCodeIgniter(Object(CodeIgniter\CodeIgniter))
12 FCPATH\index.php(56): CodeIgniter\Boot::bootWeb(Object(Config\Paths))
CRITICAL - 2026-02-28 22:45:19 --> [Caused by] mysqli_sql_exception: Unknown column 'mko.officer_level' in 'field list'
in SYSTEMPATH\Database\MySQLi\Connection.php on line 312.
 1 SYSTEMPATH\Database\MySQLi\Connection.php(312): mysqli->query('
            SELECT
                tsi.shinsa_id,
				tsi.fiscal_year_id,
                tsi.category_id,
                tsi.uketuke_limit_zenkyuren,
                tsi.uketuke_limit_tokairengo,
                tsi.uketuke_limit_aikyuren,
                tsi.uketuke_limit_aikyuren_st,
                tsi.uketuke_limit_aikyuren_ed,
                tsi.uketuke_limit_kasugai,
				mag.area_group_name,
                msn.shinsa_name,
                msn.shinsa_name_short,
                msc.shinsa_class_name,
                msc.shinsa_class_name_short,
                mka.kaijo_name,
                mka.kaijo_name_short,
                tsi.shinsa_class_id,
                mhg.holder_grade_name as all_holder_grade_name,
                tsi.gender_cd,
                tsi.shinsa_name_id,
                tsi.area_group_id,
                tsi.kaijo_id,
                tsi.kaijo_other_name,
                tsi.kaijo_other_name_abb,
                tsi.created,
                tsi.modified,
                sht.shinsa_target_id,
                sht.shinsa_target_name,
                sht.pass_grade_group_id,
				CASE WHEN sof.shinsa_offer_id IS NOT NULL THEN 1 ELSE 0 END sanka_flg,
                sof.result_flg,
				CASE 
					WHEN ( 
						SELECT
							MIN(shinsa_date) 
						FROM
							t_shinsa_date_target 
						WHERE
							shinsa_id = tsi.shinsa_id
					) > CURDATE() 
					THEN \'1\'
					ELSE \'0\'
				END future_flg,
				mko.officer_level
            FROM t_shinsa_info tsi
            	INNER JOIN m_shinsa_name msn ON
            		msn.shinsa_name_id = tsi.shinsa_name_id
            	INNER JOIN m_shinsa_class msc ON
            		msc.shinsa_class_id = tsi.shinsa_class_id
                INNER JOIN m_kyokai_officer mko ON
                    mko.kyokai_officer_id = msc.kyokai_officer_id
                LEFT JOIN m_kyokai_officer_member kom ON
                    kom.kyokai_officer_id = mko.kyokai_officer_id
                    AND kom.member_id = 65
				INNER JOIN m_holder_grade mhg ON
					mhg.holder_grade_id = tsi.all_holder_grade_id
                LEFT JOIN m_kaijo mka ON
                    mka.kaijo_id = tsi.kaijo_id
                LEFT JOIN t_shinsa_offer_member sof ON
                    sof.shinsa_id = tsi.shinsa_id
                    AND sof.member_id = 65
                LEFT JOIN m_shinsa_target sht ON
                    sht.shinsa_target_id = sof.shinsa_target_id
				LEFT JOIN m_area_group mag ON
					mag.area_group_id = tsi.area_group_id
            WHERE
            	tsi.shinsa_id = 39
		', 0)
 2 SYSTEMPATH\Database\BaseConnection.php(734): CodeIgniter\Database\MySQLi\Connection->execute('
            SELECT
                tsi.shinsa_id,
				tsi.fiscal_year_id,
                tsi.category_id,
                tsi.uketuke_limit_zenkyuren,
                tsi.uketuke_limit_tokairengo,
                tsi.uketuke_limit_aikyuren,
                tsi.uketuke_limit_aikyuren_st,
                tsi.uketuke_limit_aikyuren_ed,
                tsi.uketuke_limit_kasugai,
				mag.area_group_name,
                msn.shinsa_name,
                msn.shinsa_name_short,
                msc.shinsa_class_name,
                msc.shinsa_class_name_short,
                mka.kaijo_name,
                mka.kaijo_name_short,
                tsi.shinsa_class_id,
                mhg.holder_grade_name as all_holder_grade_name,
                tsi.gender_cd,
                tsi.shinsa_name_id,
                tsi.area_group_id,
                tsi.kaijo_id,
                tsi.kaijo_other_name,
                tsi.kaijo_other_name_abb,
                tsi.created,
                tsi.modified,
                sht.shinsa_target_id,
                sht.shinsa_target_name,
                sht.pass_grade_group_id,
				CASE WHEN sof.shinsa_offer_id IS NOT NULL THEN 1 ELSE 0 END sanka_flg,
                sof.result_flg,
				CASE 
					WHEN ( 
						SELECT
							MIN(shinsa_date) 
						FROM
							t_shinsa_date_target 
						WHERE
							shinsa_id = tsi.shinsa_id
					) > CURDATE() 
					THEN \'1\'
					ELSE \'0\'
				END future_flg,
				mko.officer_level
            FROM t_shinsa_info tsi
            	INNER JOIN m_shinsa_name msn ON
            		msn.shinsa_name_id = tsi.shinsa_name_id
            	INNER JOIN m_shinsa_class msc ON
            		msc.shinsa_class_id = tsi.shinsa_class_id
                INNER JOIN m_kyokai_officer mko ON
                    mko.kyokai_officer_id = msc.kyokai_officer_id
                LEFT JOIN m_kyokai_officer_member kom ON
                    kom.kyokai_officer_id = mko.kyokai_officer_id
                    AND kom.member_id = 65
				INNER JOIN m_holder_grade mhg ON
					mhg.holder_grade_id = tsi.all_holder_grade_id
                LEFT JOIN m_kaijo mka ON
                    mka.kaijo_id = tsi.kaijo_id
                LEFT JOIN t_shinsa_offer_member sof ON
                    sof.shinsa_id = tsi.shinsa_id
                    AND sof.member_id = 65
                LEFT JOIN m_shinsa_target sht ON
                    sht.shinsa_target_id = sof.shinsa_target_id
				LEFT JOIN m_area_group mag ON
					mag.area_group_id = tsi.area_group_id
            WHERE
            	tsi.shinsa_id = 39
		')
 3 SYSTEMPATH\Database\BaseConnection.php(648): CodeIgniter\Database\BaseConnection->simpleQuery('
            SELECT
                tsi.shinsa_id,
				tsi.fiscal_year_id,
                tsi.category_id,
                tsi.uketuke_limit_zenkyuren,
                tsi.uketuke_limit_tokairengo,
                tsi.uketuke_limit_aikyuren,
                tsi.uketuke_limit_aikyuren_st,
                tsi.uketuke_limit_aikyuren_ed,
                tsi.uketuke_limit_kasugai,
				mag.area_group_name,
                msn.shinsa_name,
                msn.shinsa_name_short,
                msc.shinsa_class_name,
                msc.shinsa_class_name_short,
                mka.kaijo_name,
                mka.kaijo_name_short,
                tsi.shinsa_class_id,
                mhg.holder_grade_name as all_holder_grade_name,
                tsi.gender_cd,
                tsi.shinsa_name_id,
                tsi.area_group_id,
                tsi.kaijo_id,
                tsi.kaijo_other_name,
                tsi.kaijo_other_name_abb,
                tsi.created,
                tsi.modified,
                sht.shinsa_target_id,
                sht.shinsa_target_name,
                sht.pass_grade_group_id,
				CASE WHEN sof.shinsa_offer_id IS NOT NULL THEN 1 ELSE 0 END sanka_flg,
                sof.result_flg,
				CASE 
					WHEN ( 
						SELECT
							MIN(shinsa_date) 
						FROM
							t_shinsa_date_target 
						WHERE
							shinsa_id = tsi.shinsa_id
					) > CURDATE() 
					THEN \'1\'
					ELSE \'0\'
				END future_flg,
				mko.officer_level
            FROM t_shinsa_info tsi
            	INNER JOIN m_shinsa_name msn ON
            		msn.shinsa_name_id = tsi.shinsa_name_id
            	INNER JOIN m_shinsa_class msc ON
            		msc.shinsa_class_id = tsi.shinsa_class_id
                INNER JOIN m_kyokai_officer mko ON
                    mko.kyokai_officer_id = msc.kyokai_officer_id
                LEFT JOIN m_kyokai_officer_member kom ON
                    kom.kyokai_officer_id = mko.kyokai_officer_id
                    AND kom.member_id = 65
				INNER JOIN m_holder_grade mhg ON
					mhg.holder_grade_id = tsi.all_holder_grade_id
                LEFT JOIN m_kaijo mka ON
                    mka.kaijo_id = tsi.kaijo_id
                LEFT JOIN t_shinsa_offer_member sof ON
                    sof.shinsa_id = tsi.shinsa_id
                    AND sof.member_id = 65
                LEFT JOIN m_shinsa_target sht ON
                    sht.shinsa_target_id = sof.shinsa_target_id
				LEFT JOIN m_area_group mag ON
					mag.area_group_id = tsi.area_group_id
            WHERE
            	tsi.shinsa_id = 39
		')
 4 APPPATH\Models\BaseQueryModel.php(96): CodeIgniter\Database\BaseConnection->query('
            SELECT
                tsi.shinsa_id,
				tsi.fiscal_year_id,
                tsi.category_id,
                tsi.uketuke_limit_zenkyuren,
                tsi.uketuke_limit_tokairengo,
                tsi.uketuke_limit_aikyuren,
                tsi.uketuke_limit_aikyuren_st,
                tsi.uketuke_limit_aikyuren_ed,
                tsi.uketuke_limit_kasugai,
				mag.area_group_name,
                msn.shinsa_name,
                msn.shinsa_name_short,
                msc.shinsa_class_name,
                msc.shinsa_class_name_short,
                mka.kaijo_name,
                mka.kaijo_name_short,
                tsi.shinsa_class_id,
                mhg.holder_grade_name as all_holder_grade_name,
                tsi.gender_cd,
                tsi.shinsa_name_id,
                tsi.area_group_id,
                tsi.kaijo_id,
                tsi.kaijo_other_name,
                tsi.kaijo_other_name_abb,
                tsi.created,
                tsi.modified,
                sht.shinsa_target_id,
                sht.shinsa_target_name,
                sht.pass_grade_group_id,
				CASE WHEN sof.shinsa_offer_id IS NOT NULL THEN 1 ELSE 0 END sanka_flg,
                sof.result_flg,
				CASE 
					WHEN ( 
						SELECT
							MIN(shinsa_date) 
						FROM
							t_shinsa_date_target 
						WHERE
							shinsa_id = tsi.shinsa_id
					) > CURDATE() 
					THEN :flgOn:
					ELSE :flgOff:
				END future_flg,
				mko.officer_level
            FROM t_shinsa_info tsi
            	INNER JOIN m_shinsa_name msn ON
            		msn.shinsa_name_id = tsi.shinsa_name_id
            	INNER JOIN m_shinsa_class msc ON
            		msc.shinsa_class_id = tsi.shinsa_class_id
                INNER JOIN m_kyokai_officer mko ON
                    mko.kyokai_officer_id = msc.kyokai_officer_id
                LEFT JOIN m_kyokai_officer_member kom ON
                    kom.kyokai_officer_id = mko.kyokai_officer_id
                    AND kom.member_id = :memberId:
				INNER JOIN m_holder_grade mhg ON
					mhg.holder_grade_id = tsi.all_holder_grade_id
                LEFT JOIN m_kaijo mka ON
                    mka.kaijo_id = tsi.kaijo_id
                LEFT JOIN t_shinsa_offer_member sof ON
                    sof.shinsa_id = tsi.shinsa_id
                    AND sof.member_id = :memberId:
                LEFT JOIN m_shinsa_target sht ON
                    sht.shinsa_target_id = sof.shinsa_target_id
				LEFT JOIN m_area_group mag ON
					mag.area_group_id = tsi.area_group_id
            WHERE
            	tsi.shinsa_id = :shinsaId:
		', [...])
 5 APPPATH\Models\ShinsaModel.php(406): App\Models\BaseQueryModel->get_first_row('
            SELECT
                tsi.shinsa_id,
				tsi.fiscal_year_id,
                tsi.category_id,
                tsi.uketuke_limit_zenkyuren,
                tsi.uketuke_limit_tokairengo,
                tsi.uketuke_limit_aikyuren,
                tsi.uketuke_limit_aikyuren_st,
                tsi.uketuke_limit_aikyuren_ed,
                tsi.uketuke_limit_kasugai,
				mag.area_group_name,
                msn.shinsa_name,
                msn.shinsa_name_short,
                msc.shinsa_class_name,
                msc.shinsa_class_name_short,
                mka.kaijo_name,
                mka.kaijo_name_short,
                tsi.shinsa_class_id,
                mhg.holder_grade_name as all_holder_grade_name,
                tsi.gender_cd,
                tsi.shinsa_name_id,
                tsi.area_group_id,
                tsi.kaijo_id,
                tsi.kaijo_other_name,
                tsi.kaijo_other_name_abb,
                tsi.created,
                tsi.modified,
                sht.shinsa_target_id,
                sht.shinsa_target_name,
                sht.pass_grade_group_id,
				CASE WHEN sof.shinsa_offer_id IS NOT NULL THEN 1 ELSE 0 END sanka_flg,
                sof.result_flg,
				CASE 
					WHEN ( 
						SELECT
							MIN(shinsa_date) 
						FROM
							t_shinsa_date_target 
						WHERE
							shinsa_id = tsi.shinsa_id
					) > CURDATE() 
					THEN :flgOn:
					ELSE :flgOff:
				END future_flg,
				mko.officer_level
            FROM t_shinsa_info tsi
            	INNER JOIN m_shinsa_name msn ON
            		msn.shinsa_name_id = tsi.shinsa_name_id
            	INNER JOIN m_shinsa_class msc ON
            		msc.shinsa_class_id = tsi.shinsa_class_id
                INNER JOIN m_kyokai_officer mko ON
                    mko.kyokai_officer_id = msc.kyokai_officer_id
                LEFT JOIN m_kyokai_officer_member kom ON
                    kom.kyokai_officer_id = mko.kyokai_officer_id
                    AND kom.member_id = :memberId:
				INNER JOIN m_holder_grade mhg ON
					mhg.holder_grade_id = tsi.all_holder_grade_id
                LEFT JOIN m_kaijo mka ON
                    mka.kaijo_id = tsi.kaijo_id
                LEFT JOIN t_shinsa_offer_member sof ON
                    sof.shinsa_id = tsi.shinsa_id
                    AND sof.member_id = :memberId:
                LEFT JOIN m_shinsa_target sht ON
                    sht.shinsa_target_id = sof.shinsa_target_id
				LEFT JOIN m_area_group mag ON
					mag.area_group_id = tsi.area_group_id
            WHERE
            	tsi.shinsa_id = :shinsaId:
		', [...], 'array')
 6 APPPATH\Libraries\ShinsaLibrarie.php(136): App\Models\ShinsaModel->get_shinsa_detail(39, 65)
 7 APPPATH\Controllers\Shinsa.php(77): App\Libraries\ShinsaLibrarie->get_shinsa_detail(39, 65)
 8 SYSTEMPATH\CodeIgniter.php(933): App\Controllers\Shinsa->detail('39')
 9 SYSTEMPATH\CodeIgniter.php(509): CodeIgniter\CodeIgniter->runController(Object(App\Controllers\Shinsa))
10 SYSTEMPATH\CodeIgniter.php(355): CodeIgniter\CodeIgniter->handleRequest(null, Object(Config\Cache), false)
11 SYSTEMPATH\Boot.php(325): CodeIgniter\CodeIgniter->run()
12 SYSTEMPATH\Boot.php(67): CodeIgniter\Boot::runCodeIgniter(Object(CodeIgniter\CodeIgniter))
13 FCPATH\index.php(56): CodeIgniter\Boot::bootWeb(Object(Config\Paths))
ERROR - 2026-02-28 22:46:15 --> mysqli_sql_exception: Unknown column 'mko.officer_level' in 'field list' in C:\xampp_htdocs\kasugaikyudo\production\system\Database\MySQLi\Connection.php:312
Stack trace:
#0 C:\xampp_htdocs\kasugaikyudo\production\system\Database\MySQLi\Connection.php(312): mysqli->query('\n            SE...', 0)
#1 C:\xampp_htdocs\kasugaikyudo\production\system\Database\BaseConnection.php(734): CodeIgniter\Database\MySQLi\Connection->execute('\n            SE...')
#2 C:\xampp_htdocs\kasugaikyudo\production\system\Database\BaseConnection.php(648): CodeIgniter\Database\BaseConnection->simpleQuery('\n            SE...')
#3 C:\xampp_htdocs\kasugaikyudo\production\app\Models\BaseQueryModel.php(96): CodeIgniter\Database\BaseConnection->query('\n            SE...', Array)
#4 C:\xampp_htdocs\kasugaikyudo\production\app\Models\ShinsaModel.php(406): App\Models\BaseQueryModel->get_first_row('\n            SE...', Array, 'array')
#5 C:\xampp_htdocs\kasugaikyudo\production\app\Libraries\ShinsaLibrarie.php(136): App\Models\ShinsaModel->get_shinsa_detail(39, 65)
#6 C:\xampp_htdocs\kasugaikyudo\production\app\Controllers\Shinsa.php(77): App\Libraries\ShinsaLibrarie->get_shinsa_detail(39, 65)
#7 C:\xampp_htdocs\kasugaikyudo\production\system\CodeIgniter.php(933): App\Controllers\Shinsa->detail('39')
#8 C:\xampp_htdocs\kasugaikyudo\production\system\CodeIgniter.php(509): CodeIgniter\CodeIgniter->runController(Object(App\Controllers\Shinsa))
#9 C:\xampp_htdocs\kasugaikyudo\production\system\CodeIgniter.php(355): CodeIgniter\CodeIgniter->handleRequest(NULL, Object(Config\Cache), false)
#10 C:\xampp_htdocs\kasugaikyudo\production\system\Boot.php(325): CodeIgniter\CodeIgniter->run()
#11 C:\xampp_htdocs\kasugaikyudo\production\system\Boot.php(67): CodeIgniter\Boot::runCodeIgniter(Object(CodeIgniter\CodeIgniter))
#12 C:\xampp_htdocs\kasugaikyudo\production\index.php(56): CodeIgniter\Boot::bootWeb(Object(Config\Paths))
#13 {main}
CRITICAL - 2026-02-28 22:46:15 --> CodeIgniter\Database\Exceptions\DatabaseException: Unknown column 'mko.officer_level' in 'field list'
[Method: GET, Route: shinsa/detail/39]
in SYSTEMPATH\Database\BaseConnection.php on line 688.
 1 APPPATH\Models\BaseQueryModel.php(96): CodeIgniter\Database\BaseConnection->query('
            SELECT
                tsi.shinsa_id,
				tsi.fiscal_year_id,
                tsi.category_id,
                tsi.uketuke_limit_zenkyuren,
                tsi.uketuke_limit_tokairengo,
                tsi.uketuke_limit_aikyuren,
                tsi.uketuke_limit_aikyuren_st,
                tsi.uketuke_limit_aikyuren_ed,
                tsi.uketuke_limit_kasugai,
				mag.area_group_name,
                msn.shinsa_name,
                msn.shinsa_name_short,
                msc.shinsa_class_name,
                msc.shinsa_class_name_short,
                mka.kaijo_name,
                mka.kaijo_name_short,
                tsi.shinsa_class_id,
                mhg.holder_grade_name as all_holder_grade_name,
                tsi.gender_cd,
                tsi.shinsa_name_id,
                tsi.area_group_id,
                tsi.kaijo_id,
                tsi.kaijo_other_name,
                tsi.kaijo_other_name_abb,
                tsi.created,
                tsi.modified,
                sht.shinsa_target_id,
                sht.shinsa_target_name,
                sht.pass_grade_group_id,
				CASE WHEN sof.shinsa_offer_id IS NOT NULL THEN 1 ELSE 0 END sanka_flg,
                sof.result_flg,
				CASE 
					WHEN ( 
						SELECT
							MIN(shinsa_date) 
						FROM
							t_shinsa_date_target 
						WHERE
							shinsa_id = tsi.shinsa_id
					) > CURDATE() 
					THEN :flgOn:
					ELSE :flgOff:
				END future_flg,
				mko.officer_level
            FROM t_shinsa_info tsi
            	INNER JOIN m_shinsa_name msn ON
            		msn.shinsa_name_id = tsi.shinsa_name_id
            	INNER JOIN m_shinsa_class msc ON
            		msc.shinsa_class_id = tsi.shinsa_class_id
                INNER JOIN m_kyokai_officer mko ON
                    mko.kyokai_officer_id = msc.kyokai_officer_id
                LEFT JOIN m_kyokai_officer_member kom ON
                    kom.kyokai_officer_id = mko.kyokai_officer_id
                    AND kom.member_id = :memberId:
				INNER JOIN m_holder_grade mhg ON
					mhg.holder_grade_id = tsi.all_holder_grade_id
                LEFT JOIN m_kaijo mka ON
                    mka.kaijo_id = tsi.kaijo_id
                LEFT JOIN t_shinsa_offer_member sof ON
                    sof.shinsa_id = tsi.shinsa_id
                    AND sof.member_id = :memberId:
                LEFT JOIN m_shinsa_target sht ON
                    sht.shinsa_target_id = sof.shinsa_target_id
				LEFT JOIN m_area_group mag ON
					mag.area_group_id = tsi.area_group_id
            WHERE
            	tsi.shinsa_id = :shinsaId:
		', [...])
 2 APPPATH\Models\ShinsaModel.php(406): App\Models\BaseQueryModel->get_first_row('
            SELECT
                tsi.shinsa_id,
				tsi.fiscal_year_id,
                tsi.category_id,
                tsi.uketuke_limit_zenkyuren,
                tsi.uketuke_limit_tokairengo,
                tsi.uketuke_limit_aikyuren,
                tsi.uketuke_limit_aikyuren_st,
                tsi.uketuke_limit_aikyuren_ed,
                tsi.uketuke_limit_kasugai,
				mag.area_group_name,
                msn.shinsa_name,
                msn.shinsa_name_short,
                msc.shinsa_class_name,
                msc.shinsa_class_name_short,
                mka.kaijo_name,
                mka.kaijo_name_short,
                tsi.shinsa_class_id,
                mhg.holder_grade_name as all_holder_grade_name,
                tsi.gender_cd,
                tsi.shinsa_name_id,
                tsi.area_group_id,
                tsi.kaijo_id,
                tsi.kaijo_other_name,
                tsi.kaijo_other_name_abb,
                tsi.created,
                tsi.modified,
                sht.shinsa_target_id,
                sht.shinsa_target_name,
                sht.pass_grade_group_id,
				CASE WHEN sof.shinsa_offer_id IS NOT NULL THEN 1 ELSE 0 END sanka_flg,
                sof.result_flg,
				CASE 
					WHEN ( 
						SELECT
							MIN(shinsa_date) 
						FROM
							t_shinsa_date_target 
						WHERE
							shinsa_id = tsi.shinsa_id
					) > CURDATE() 
					THEN :flgOn:
					ELSE :flgOff:
				END future_flg,
				mko.officer_level
            FROM t_shinsa_info tsi
            	INNER JOIN m_shinsa_name msn ON
            		msn.shinsa_name_id = tsi.shinsa_name_id
            	INNER JOIN m_shinsa_class msc ON
            		msc.shinsa_class_id = tsi.shinsa_class_id
                INNER JOIN m_kyokai_officer mko ON
                    mko.kyokai_officer_id = msc.kyokai_officer_id
                LEFT JOIN m_kyokai_officer_member kom ON
                    kom.kyokai_officer_id = mko.kyokai_officer_id
                    AND kom.member_id = :memberId:
				INNER JOIN m_holder_grade mhg ON
					mhg.holder_grade_id = tsi.all_holder_grade_id
                LEFT JOIN m_kaijo mka ON
                    mka.kaijo_id = tsi.kaijo_id
                LEFT JOIN t_shinsa_offer_member sof ON
                    sof.shinsa_id = tsi.shinsa_id
                    AND sof.member_id = :memberId:
                LEFT JOIN m_shinsa_target sht ON
                    sht.shinsa_target_id = sof.shinsa_target_id
				LEFT JOIN m_area_group mag ON
					mag.area_group_id = tsi.area_group_id
            WHERE
            	tsi.shinsa_id = :shinsaId:
		', [...], 'array')
 3 APPPATH\Libraries\ShinsaLibrarie.php(136): App\Models\ShinsaModel->get_shinsa_detail(39, 65)
 4 APPPATH\Controllers\Shinsa.php(77): App\Libraries\ShinsaLibrarie->get_shinsa_detail(39, 65)
 5 SYSTEMPATH\CodeIgniter.php(933): App\Controllers\Shinsa->detail('39')
 6 SYSTEMPATH\CodeIgniter.php(509): CodeIgniter\CodeIgniter->runController(Object(App\Controllers\Shinsa))
 7 SYSTEMPATH\CodeIgniter.php(355): CodeIgniter\CodeIgniter->handleRequest(null, Object(Config\Cache), false)
 8 SYSTEMPATH\Boot.php(325): CodeIgniter\CodeIgniter->run()
 9 SYSTEMPATH\Boot.php(67): CodeIgniter\Boot::runCodeIgniter(Object(CodeIgniter\CodeIgniter))
10 FCPATH\index.php(56): CodeIgniter\Boot::bootWeb(Object(Config\Paths))
CRITICAL - 2026-02-28 22:46:15 --> [Caused by] CodeIgniter\Database\Exceptions\DatabaseException: Unknown column 'mko.officer_level' in 'field list'
in SYSTEMPATH\Database\MySQLi\Connection.php on line 317.
 1 SYSTEMPATH\Database\BaseConnection.php(734): CodeIgniter\Database\MySQLi\Connection->execute('
            SELECT
                tsi.shinsa_id,
				tsi.fiscal_year_id,
                tsi.category_id,
                tsi.uketuke_limit_zenkyuren,
                tsi.uketuke_limit_tokairengo,
                tsi.uketuke_limit_aikyuren,
                tsi.uketuke_limit_aikyuren_st,
                tsi.uketuke_limit_aikyuren_ed,
                tsi.uketuke_limit_kasugai,
				mag.area_group_name,
                msn.shinsa_name,
                msn.shinsa_name_short,
                msc.shinsa_class_name,
                msc.shinsa_class_name_short,
                mka.kaijo_name,
                mka.kaijo_name_short,
                tsi.shinsa_class_id,
                mhg.holder_grade_name as all_holder_grade_name,
                tsi.gender_cd,
                tsi.shinsa_name_id,
                tsi.area_group_id,
                tsi.kaijo_id,
                tsi.kaijo_other_name,
                tsi.kaijo_other_name_abb,
                tsi.created,
                tsi.modified,
                sht.shinsa_target_id,
                sht.shinsa_target_name,
                sht.pass_grade_group_id,
				CASE WHEN sof.shinsa_offer_id IS NOT NULL THEN 1 ELSE 0 END sanka_flg,
                sof.result_flg,
				CASE 
					WHEN ( 
						SELECT
							MIN(shinsa_date) 
						FROM
							t_shinsa_date_target 
						WHERE
							shinsa_id = tsi.shinsa_id
					) > CURDATE() 
					THEN \'1\'
					ELSE \'0\'
				END future_flg,
				mko.officer_level
            FROM t_shinsa_info tsi
            	INNER JOIN m_shinsa_name msn ON
            		msn.shinsa_name_id = tsi.shinsa_name_id
            	INNER JOIN m_shinsa_class msc ON
            		msc.shinsa_class_id = tsi.shinsa_class_id
                INNER JOIN m_kyokai_officer mko ON
                    mko.kyokai_officer_id = msc.kyokai_officer_id
                LEFT JOIN m_kyokai_officer_member kom ON
                    kom.kyokai_officer_id = mko.kyokai_officer_id
                    AND kom.member_id = 65
				INNER JOIN m_holder_grade mhg ON
					mhg.holder_grade_id = tsi.all_holder_grade_id
                LEFT JOIN m_kaijo mka ON
                    mka.kaijo_id = tsi.kaijo_id
                LEFT JOIN t_shinsa_offer_member sof ON
                    sof.shinsa_id = tsi.shinsa_id
                    AND sof.member_id = 65
                LEFT JOIN m_shinsa_target sht ON
                    sht.shinsa_target_id = sof.shinsa_target_id
				LEFT JOIN m_area_group mag ON
					mag.area_group_id = tsi.area_group_id
            WHERE
            	tsi.shinsa_id = 39
		')
 2 SYSTEMPATH\Database\BaseConnection.php(648): CodeIgniter\Database\BaseConnection->simpleQuery('
            SELECT
                tsi.shinsa_id,
				tsi.fiscal_year_id,
                tsi.category_id,
                tsi.uketuke_limit_zenkyuren,
                tsi.uketuke_limit_tokairengo,
                tsi.uketuke_limit_aikyuren,
                tsi.uketuke_limit_aikyuren_st,
                tsi.uketuke_limit_aikyuren_ed,
                tsi.uketuke_limit_kasugai,
				mag.area_group_name,
                msn.shinsa_name,
                msn.shinsa_name_short,
                msc.shinsa_class_name,
                msc.shinsa_class_name_short,
                mka.kaijo_name,
                mka.kaijo_name_short,
                tsi.shinsa_class_id,
                mhg.holder_grade_name as all_holder_grade_name,
                tsi.gender_cd,
                tsi.shinsa_name_id,
                tsi.area_group_id,
                tsi.kaijo_id,
                tsi.kaijo_other_name,
                tsi.kaijo_other_name_abb,
                tsi.created,
                tsi.modified,
                sht.shinsa_target_id,
                sht.shinsa_target_name,
                sht.pass_grade_group_id,
				CASE WHEN sof.shinsa_offer_id IS NOT NULL THEN 1 ELSE 0 END sanka_flg,
                sof.result_flg,
				CASE 
					WHEN ( 
						SELECT
							MIN(shinsa_date) 
						FROM
							t_shinsa_date_target 
						WHERE
							shinsa_id = tsi.shinsa_id
					) > CURDATE() 
					THEN \'1\'
					ELSE \'0\'
				END future_flg,
				mko.officer_level
            FROM t_shinsa_info tsi
            	INNER JOIN m_shinsa_name msn ON
            		msn.shinsa_name_id = tsi.shinsa_name_id
            	INNER JOIN m_shinsa_class msc ON
            		msc.shinsa_class_id = tsi.shinsa_class_id
                INNER JOIN m_kyokai_officer mko ON
                    mko.kyokai_officer_id = msc.kyokai_officer_id
                LEFT JOIN m_kyokai_officer_member kom ON
                    kom.kyokai_officer_id = mko.kyokai_officer_id
                    AND kom.member_id = 65
				INNER JOIN m_holder_grade mhg ON
					mhg.holder_grade_id = tsi.all_holder_grade_id
                LEFT JOIN m_kaijo mka ON
                    mka.kaijo_id = tsi.kaijo_id
                LEFT JOIN t_shinsa_offer_member sof ON
                    sof.shinsa_id = tsi.shinsa_id
                    AND sof.member_id = 65
                LEFT JOIN m_shinsa_target sht ON
                    sht.shinsa_target_id = sof.shinsa_target_id
				LEFT JOIN m_area_group mag ON
					mag.area_group_id = tsi.area_group_id
            WHERE
            	tsi.shinsa_id = 39
		')
 3 APPPATH\Models\BaseQueryModel.php(96): CodeIgniter\Database\BaseConnection->query('
            SELECT
                tsi.shinsa_id,
				tsi.fiscal_year_id,
                tsi.category_id,
                tsi.uketuke_limit_zenkyuren,
                tsi.uketuke_limit_tokairengo,
                tsi.uketuke_limit_aikyuren,
                tsi.uketuke_limit_aikyuren_st,
                tsi.uketuke_limit_aikyuren_ed,
                tsi.uketuke_limit_kasugai,
				mag.area_group_name,
                msn.shinsa_name,
                msn.shinsa_name_short,
                msc.shinsa_class_name,
                msc.shinsa_class_name_short,
                mka.kaijo_name,
                mka.kaijo_name_short,
                tsi.shinsa_class_id,
                mhg.holder_grade_name as all_holder_grade_name,
                tsi.gender_cd,
                tsi.shinsa_name_id,
                tsi.area_group_id,
                tsi.kaijo_id,
                tsi.kaijo_other_name,
                tsi.kaijo_other_name_abb,
                tsi.created,
                tsi.modified,
                sht.shinsa_target_id,
                sht.shinsa_target_name,
                sht.pass_grade_group_id,
				CASE WHEN sof.shinsa_offer_id IS NOT NULL THEN 1 ELSE 0 END sanka_flg,
                sof.result_flg,
				CASE 
					WHEN ( 
						SELECT
							MIN(shinsa_date) 
						FROM
							t_shinsa_date_target 
						WHERE
							shinsa_id = tsi.shinsa_id
					) > CURDATE() 
					THEN :flgOn:
					ELSE :flgOff:
				END future_flg,
				mko.officer_level
            FROM t_shinsa_info tsi
            	INNER JOIN m_shinsa_name msn ON
            		msn.shinsa_name_id = tsi.shinsa_name_id
            	INNER JOIN m_shinsa_class msc ON
            		msc.shinsa_class_id = tsi.shinsa_class_id
                INNER JOIN m_kyokai_officer mko ON
                    mko.kyokai_officer_id = msc.kyokai_officer_id
                LEFT JOIN m_kyokai_officer_member kom ON
                    kom.kyokai_officer_id = mko.kyokai_officer_id
                    AND kom.member_id = :memberId:
				INNER JOIN m_holder_grade mhg ON
					mhg.holder_grade_id = tsi.all_holder_grade_id
                LEFT JOIN m_kaijo mka ON
                    mka.kaijo_id = tsi.kaijo_id
                LEFT JOIN t_shinsa_offer_member sof ON
                    sof.shinsa_id = tsi.shinsa_id
                    AND sof.member_id = :memberId:
                LEFT JOIN m_shinsa_target sht ON
                    sht.shinsa_target_id = sof.shinsa_target_id
				LEFT JOIN m_area_group mag ON
					mag.area_group_id = tsi.area_group_id
            WHERE
            	tsi.shinsa_id = :shinsaId:
		', [...])
 4 APPPATH\Models\ShinsaModel.php(406): App\Models\BaseQueryModel->get_first_row('
            SELECT
                tsi.shinsa_id,
				tsi.fiscal_year_id,
                tsi.category_id,
                tsi.uketuke_limit_zenkyuren,
                tsi.uketuke_limit_tokairengo,
                tsi.uketuke_limit_aikyuren,
                tsi.uketuke_limit_aikyuren_st,
                tsi.uketuke_limit_aikyuren_ed,
                tsi.uketuke_limit_kasugai,
				mag.area_group_name,
                msn.shinsa_name,
                msn.shinsa_name_short,
                msc.shinsa_class_name,
                msc.shinsa_class_name_short,
                mka.kaijo_name,
                mka.kaijo_name_short,
                tsi.shinsa_class_id,
                mhg.holder_grade_name as all_holder_grade_name,
                tsi.gender_cd,
                tsi.shinsa_name_id,
                tsi.area_group_id,
                tsi.kaijo_id,
                tsi.kaijo_other_name,
                tsi.kaijo_other_name_abb,
                tsi.created,
                tsi.modified,
                sht.shinsa_target_id,
                sht.shinsa_target_name,
                sht.pass_grade_group_id,
				CASE WHEN sof.shinsa_offer_id IS NOT NULL THEN 1 ELSE 0 END sanka_flg,
                sof.result_flg,
				CASE 
					WHEN ( 
						SELECT
							MIN(shinsa_date) 
						FROM
							t_shinsa_date_target 
						WHERE
							shinsa_id = tsi.shinsa_id
					) > CURDATE() 
					THEN :flgOn:
					ELSE :flgOff:
				END future_flg,
				mko.officer_level
            FROM t_shinsa_info tsi
            	INNER JOIN m_shinsa_name msn ON
            		msn.shinsa_name_id = tsi.shinsa_name_id
            	INNER JOIN m_shinsa_class msc ON
            		msc.shinsa_class_id = tsi.shinsa_class_id
                INNER JOIN m_kyokai_officer mko ON
                    mko.kyokai_officer_id = msc.kyokai_officer_id
                LEFT JOIN m_kyokai_officer_member kom ON
                    kom.kyokai_officer_id = mko.kyokai_officer_id
                    AND kom.member_id = :memberId:
				INNER JOIN m_holder_grade mhg ON
					mhg.holder_grade_id = tsi.all_holder_grade_id
                LEFT JOIN m_kaijo mka ON
                    mka.kaijo_id = tsi.kaijo_id
                LEFT JOIN t_shinsa_offer_member sof ON
                    sof.shinsa_id = tsi.shinsa_id
                    AND sof.member_id = :memberId:
                LEFT JOIN m_shinsa_target sht ON
                    sht.shinsa_target_id = sof.shinsa_target_id
				LEFT JOIN m_area_group mag ON
					mag.area_group_id = tsi.area_group_id
            WHERE
            	tsi.shinsa_id = :shinsaId:
		', [...], 'array')
 5 APPPATH\Libraries\ShinsaLibrarie.php(136): App\Models\ShinsaModel->get_shinsa_detail(39, 65)
 6 APPPATH\Controllers\Shinsa.php(77): App\Libraries\ShinsaLibrarie->get_shinsa_detail(39, 65)
 7 SYSTEMPATH\CodeIgniter.php(933): App\Controllers\Shinsa->detail('39')
 8 SYSTEMPATH\CodeIgniter.php(509): CodeIgniter\CodeIgniter->runController(Object(App\Controllers\Shinsa))
 9 SYSTEMPATH\CodeIgniter.php(355): CodeIgniter\CodeIgniter->handleRequest(null, Object(Config\Cache), false)
10 SYSTEMPATH\Boot.php(325): CodeIgniter\CodeIgniter->run()
11 SYSTEMPATH\Boot.php(67): CodeIgniter\Boot::runCodeIgniter(Object(CodeIgniter\CodeIgniter))
12 FCPATH\index.php(56): CodeIgniter\Boot::bootWeb(Object(Config\Paths))
CRITICAL - 2026-02-28 22:46:15 --> [Caused by] mysqli_sql_exception: Unknown column 'mko.officer_level' in 'field list'
in SYSTEMPATH\Database\MySQLi\Connection.php on line 312.
 1 SYSTEMPATH\Database\MySQLi\Connection.php(312): mysqli->query('
            SELECT
                tsi.shinsa_id,
				tsi.fiscal_year_id,
                tsi.category_id,
                tsi.uketuke_limit_zenkyuren,
                tsi.uketuke_limit_tokairengo,
                tsi.uketuke_limit_aikyuren,
                tsi.uketuke_limit_aikyuren_st,
                tsi.uketuke_limit_aikyuren_ed,
                tsi.uketuke_limit_kasugai,
				mag.area_group_name,
                msn.shinsa_name,
                msn.shinsa_name_short,
                msc.shinsa_class_name,
                msc.shinsa_class_name_short,
                mka.kaijo_name,
                mka.kaijo_name_short,
                tsi.shinsa_class_id,
                mhg.holder_grade_name as all_holder_grade_name,
                tsi.gender_cd,
                tsi.shinsa_name_id,
                tsi.area_group_id,
                tsi.kaijo_id,
                tsi.kaijo_other_name,
                tsi.kaijo_other_name_abb,
                tsi.created,
                tsi.modified,
                sht.shinsa_target_id,
                sht.shinsa_target_name,
                sht.pass_grade_group_id,
				CASE WHEN sof.shinsa_offer_id IS NOT NULL THEN 1 ELSE 0 END sanka_flg,
                sof.result_flg,
				CASE 
					WHEN ( 
						SELECT
							MIN(shinsa_date) 
						FROM
							t_shinsa_date_target 
						WHERE
							shinsa_id = tsi.shinsa_id
					) > CURDATE() 
					THEN \'1\'
					ELSE \'0\'
				END future_flg,
				mko.officer_level
            FROM t_shinsa_info tsi
            	INNER JOIN m_shinsa_name msn ON
            		msn.shinsa_name_id = tsi.shinsa_name_id
            	INNER JOIN m_shinsa_class msc ON
            		msc.shinsa_class_id = tsi.shinsa_class_id
                INNER JOIN m_kyokai_officer mko ON
                    mko.kyokai_officer_id = msc.kyokai_officer_id
                LEFT JOIN m_kyokai_officer_member kom ON
                    kom.kyokai_officer_id = mko.kyokai_officer_id
                    AND kom.member_id = 65
				INNER JOIN m_holder_grade mhg ON
					mhg.holder_grade_id = tsi.all_holder_grade_id
                LEFT JOIN m_kaijo mka ON
                    mka.kaijo_id = tsi.kaijo_id
                LEFT JOIN t_shinsa_offer_member sof ON
                    sof.shinsa_id = tsi.shinsa_id
                    AND sof.member_id = 65
                LEFT JOIN m_shinsa_target sht ON
                    sht.shinsa_target_id = sof.shinsa_target_id
				LEFT JOIN m_area_group mag ON
					mag.area_group_id = tsi.area_group_id
            WHERE
            	tsi.shinsa_id = 39
		', 0)
 2 SYSTEMPATH\Database\BaseConnection.php(734): CodeIgniter\Database\MySQLi\Connection->execute('
            SELECT
                tsi.shinsa_id,
				tsi.fiscal_year_id,
                tsi.category_id,
                tsi.uketuke_limit_zenkyuren,
                tsi.uketuke_limit_tokairengo,
                tsi.uketuke_limit_aikyuren,
                tsi.uketuke_limit_aikyuren_st,
                tsi.uketuke_limit_aikyuren_ed,
                tsi.uketuke_limit_kasugai,
				mag.area_group_name,
                msn.shinsa_name,
                msn.shinsa_name_short,
                msc.shinsa_class_name,
                msc.shinsa_class_name_short,
                mka.kaijo_name,
                mka.kaijo_name_short,
                tsi.shinsa_class_id,
                mhg.holder_grade_name as all_holder_grade_name,
                tsi.gender_cd,
                tsi.shinsa_name_id,
                tsi.area_group_id,
                tsi.kaijo_id,
                tsi.kaijo_other_name,
                tsi.kaijo_other_name_abb,
                tsi.created,
                tsi.modified,
                sht.shinsa_target_id,
                sht.shinsa_target_name,
                sht.pass_grade_group_id,
				CASE WHEN sof.shinsa_offer_id IS NOT NULL THEN 1 ELSE 0 END sanka_flg,
                sof.result_flg,
				CASE 
					WHEN ( 
						SELECT
							MIN(shinsa_date) 
						FROM
							t_shinsa_date_target 
						WHERE
							shinsa_id = tsi.shinsa_id
					) > CURDATE() 
					THEN \'1\'
					ELSE \'0\'
				END future_flg,
				mko.officer_level
            FROM t_shinsa_info tsi
            	INNER JOIN m_shinsa_name msn ON
            		msn.shinsa_name_id = tsi.shinsa_name_id
            	INNER JOIN m_shinsa_class msc ON
            		msc.shinsa_class_id = tsi.shinsa_class_id
                INNER JOIN m_kyokai_officer mko ON
                    mko.kyokai_officer_id = msc.kyokai_officer_id
                LEFT JOIN m_kyokai_officer_member kom ON
                    kom.kyokai_officer_id = mko.kyokai_officer_id
                    AND kom.member_id = 65
				INNER JOIN m_holder_grade mhg ON
					mhg.holder_grade_id = tsi.all_holder_grade_id
                LEFT JOIN m_kaijo mka ON
                    mka.kaijo_id = tsi.kaijo_id
                LEFT JOIN t_shinsa_offer_member sof ON
                    sof.shinsa_id = tsi.shinsa_id
                    AND sof.member_id = 65
                LEFT JOIN m_shinsa_target sht ON
                    sht.shinsa_target_id = sof.shinsa_target_id
				LEFT JOIN m_area_group mag ON
					mag.area_group_id = tsi.area_group_id
            WHERE
            	tsi.shinsa_id = 39
		')
 3 SYSTEMPATH\Database\BaseConnection.php(648): CodeIgniter\Database\BaseConnection->simpleQuery('
            SELECT
                tsi.shinsa_id,
				tsi.fiscal_year_id,
                tsi.category_id,
                tsi.uketuke_limit_zenkyuren,
                tsi.uketuke_limit_tokairengo,
                tsi.uketuke_limit_aikyuren,
                tsi.uketuke_limit_aikyuren_st,
                tsi.uketuke_limit_aikyuren_ed,
                tsi.uketuke_limit_kasugai,
				mag.area_group_name,
                msn.shinsa_name,
                msn.shinsa_name_short,
                msc.shinsa_class_name,
                msc.shinsa_class_name_short,
                mka.kaijo_name,
                mka.kaijo_name_short,
                tsi.shinsa_class_id,
                mhg.holder_grade_name as all_holder_grade_name,
                tsi.gender_cd,
                tsi.shinsa_name_id,
                tsi.area_group_id,
                tsi.kaijo_id,
                tsi.kaijo_other_name,
                tsi.kaijo_other_name_abb,
                tsi.created,
                tsi.modified,
                sht.shinsa_target_id,
                sht.shinsa_target_name,
                sht.pass_grade_group_id,
				CASE WHEN sof.shinsa_offer_id IS NOT NULL THEN 1 ELSE 0 END sanka_flg,
                sof.result_flg,
				CASE 
					WHEN ( 
						SELECT
							MIN(shinsa_date) 
						FROM
							t_shinsa_date_target 
						WHERE
							shinsa_id = tsi.shinsa_id
					) > CURDATE() 
					THEN \'1\'
					ELSE \'0\'
				END future_flg,
				mko.officer_level
            FROM t_shinsa_info tsi
            	INNER JOIN m_shinsa_name msn ON
            		msn.shinsa_name_id = tsi.shinsa_name_id
            	INNER JOIN m_shinsa_class msc ON
            		msc.shinsa_class_id = tsi.shinsa_class_id
                INNER JOIN m_kyokai_officer mko ON
                    mko.kyokai_officer_id = msc.kyokai_officer_id
                LEFT JOIN m_kyokai_officer_member kom ON
                    kom.kyokai_officer_id = mko.kyokai_officer_id
                    AND kom.member_id = 65
				INNER JOIN m_holder_grade mhg ON
					mhg.holder_grade_id = tsi.all_holder_grade_id
                LEFT JOIN m_kaijo mka ON
                    mka.kaijo_id = tsi.kaijo_id
                LEFT JOIN t_shinsa_offer_member sof ON
                    sof.shinsa_id = tsi.shinsa_id
                    AND sof.member_id = 65
                LEFT JOIN m_shinsa_target sht ON
                    sht.shinsa_target_id = sof.shinsa_target_id
				LEFT JOIN m_area_group mag ON
					mag.area_group_id = tsi.area_group_id
            WHERE
            	tsi.shinsa_id = 39
		')
 4 APPPATH\Models\BaseQueryModel.php(96): CodeIgniter\Database\BaseConnection->query('
            SELECT
                tsi.shinsa_id,
				tsi.fiscal_year_id,
                tsi.category_id,
                tsi.uketuke_limit_zenkyuren,
                tsi.uketuke_limit_tokairengo,
                tsi.uketuke_limit_aikyuren,
                tsi.uketuke_limit_aikyuren_st,
                tsi.uketuke_limit_aikyuren_ed,
                tsi.uketuke_limit_kasugai,
				mag.area_group_name,
                msn.shinsa_name,
                msn.shinsa_name_short,
                msc.shinsa_class_name,
                msc.shinsa_class_name_short,
                mka.kaijo_name,
                mka.kaijo_name_short,
                tsi.shinsa_class_id,
                mhg.holder_grade_name as all_holder_grade_name,
                tsi.gender_cd,
                tsi.shinsa_name_id,
                tsi.area_group_id,
                tsi.kaijo_id,
                tsi.kaijo_other_name,
                tsi.kaijo_other_name_abb,
                tsi.created,
                tsi.modified,
                sht.shinsa_target_id,
                sht.shinsa_target_name,
                sht.pass_grade_group_id,
				CASE WHEN sof.shinsa_offer_id IS NOT NULL THEN 1 ELSE 0 END sanka_flg,
                sof.result_flg,
				CASE 
					WHEN ( 
						SELECT
							MIN(shinsa_date) 
						FROM
							t_shinsa_date_target 
						WHERE
							shinsa_id = tsi.shinsa_id
					) > CURDATE() 
					THEN :flgOn:
					ELSE :flgOff:
				END future_flg,
				mko.officer_level
            FROM t_shinsa_info tsi
            	INNER JOIN m_shinsa_name msn ON
            		msn.shinsa_name_id = tsi.shinsa_name_id
            	INNER JOIN m_shinsa_class msc ON
            		msc.shinsa_class_id = tsi.shinsa_class_id
                INNER JOIN m_kyokai_officer mko ON
                    mko.kyokai_officer_id = msc.kyokai_officer_id
                LEFT JOIN m_kyokai_officer_member kom ON
                    kom.kyokai_officer_id = mko.kyokai_officer_id
                    AND kom.member_id = :memberId:
				INNER JOIN m_holder_grade mhg ON
					mhg.holder_grade_id = tsi.all_holder_grade_id
                LEFT JOIN m_kaijo mka ON
                    mka.kaijo_id = tsi.kaijo_id
                LEFT JOIN t_shinsa_offer_member sof ON
                    sof.shinsa_id = tsi.shinsa_id
                    AND sof.member_id = :memberId:
                LEFT JOIN m_shinsa_target sht ON
                    sht.shinsa_target_id = sof.shinsa_target_id
				LEFT JOIN m_area_group mag ON
					mag.area_group_id = tsi.area_group_id
            WHERE
            	tsi.shinsa_id = :shinsaId:
		', [...])
 5 APPPATH\Models\ShinsaModel.php(406): App\Models\BaseQueryModel->get_first_row('
            SELECT
                tsi.shinsa_id,
				tsi.fiscal_year_id,
                tsi.category_id,
                tsi.uketuke_limit_zenkyuren,
                tsi.uketuke_limit_tokairengo,
                tsi.uketuke_limit_aikyuren,
                tsi.uketuke_limit_aikyuren_st,
                tsi.uketuke_limit_aikyuren_ed,
                tsi.uketuke_limit_kasugai,
				mag.area_group_name,
                msn.shinsa_name,
                msn.shinsa_name_short,
                msc.shinsa_class_name,
                msc.shinsa_class_name_short,
                mka.kaijo_name,
                mka.kaijo_name_short,
                tsi.shinsa_class_id,
                mhg.holder_grade_name as all_holder_grade_name,
                tsi.gender_cd,
                tsi.shinsa_name_id,
                tsi.area_group_id,
                tsi.kaijo_id,
                tsi.kaijo_other_name,
                tsi.kaijo_other_name_abb,
                tsi.created,
                tsi.modified,
                sht.shinsa_target_id,
                sht.shinsa_target_name,
                sht.pass_grade_group_id,
				CASE WHEN sof.shinsa_offer_id IS NOT NULL THEN 1 ELSE 0 END sanka_flg,
                sof.result_flg,
				CASE 
					WHEN ( 
						SELECT
							MIN(shinsa_date) 
						FROM
							t_shinsa_date_target 
						WHERE
							shinsa_id = tsi.shinsa_id
					) > CURDATE() 
					THEN :flgOn:
					ELSE :flgOff:
				END future_flg,
				mko.officer_level
            FROM t_shinsa_info tsi
            	INNER JOIN m_shinsa_name msn ON
            		msn.shinsa_name_id = tsi.shinsa_name_id
            	INNER JOIN m_shinsa_class msc ON
            		msc.shinsa_class_id = tsi.shinsa_class_id
                INNER JOIN m_kyokai_officer mko ON
                    mko.kyokai_officer_id = msc.kyokai_officer_id
                LEFT JOIN m_kyokai_officer_member kom ON
                    kom.kyokai_officer_id = mko.kyokai_officer_id
                    AND kom.member_id = :memberId:
				INNER JOIN m_holder_grade mhg ON
					mhg.holder_grade_id = tsi.all_holder_grade_id
                LEFT JOIN m_kaijo mka ON
                    mka.kaijo_id = tsi.kaijo_id
                LEFT JOIN t_shinsa_offer_member sof ON
                    sof.shinsa_id = tsi.shinsa_id
                    AND sof.member_id = :memberId:
                LEFT JOIN m_shinsa_target sht ON
                    sht.shinsa_target_id = sof.shinsa_target_id
				LEFT JOIN m_area_group mag ON
					mag.area_group_id = tsi.area_group_id
            WHERE
            	tsi.shinsa_id = :shinsaId:
		', [...], 'array')
 6 APPPATH\Libraries\ShinsaLibrarie.php(136): App\Models\ShinsaModel->get_shinsa_detail(39, 65)
 7 APPPATH\Controllers\Shinsa.php(77): App\Libraries\ShinsaLibrarie->get_shinsa_detail(39, 65)
 8 SYSTEMPATH\CodeIgniter.php(933): App\Controllers\Shinsa->detail('39')
 9 SYSTEMPATH\CodeIgniter.php(509): CodeIgniter\CodeIgniter->runController(Object(App\Controllers\Shinsa))
10 SYSTEMPATH\CodeIgniter.php(355): CodeIgniter\CodeIgniter->handleRequest(null, Object(Config\Cache), false)
11 SYSTEMPATH\Boot.php(325): CodeIgniter\CodeIgniter->run()
12 SYSTEMPATH\Boot.php(67): CodeIgniter\Boot::runCodeIgniter(Object(CodeIgniter\CodeIgniter))
13 FCPATH\index.php(56): CodeIgniter\Boot::bootWeb(Object(Config\Paths))
CRITICAL - 2026-02-28 23:15:50 --> ErrorException: Undefined array key "kyokai_officer_flg"
[Method: GET, Route: taikai/detail/36]
in APPPATH\Helpers\taikai_helper.php on line 182.
 1 APPPATH\Helpers\taikai_helper.php(182): CodeIgniter\Debug\Exceptions->errorHandler(2, 'Undefined array key "kyokai_officer_flg"', 'C:\\xampp_htdocs\\kasugaikyudo\\production\\app\\Helpers\\taikai_helper.php', 182)
 2 APPPATH\Views\taikai\detail_kasugai.php(4): get_kasugai_taikai_detail_html([...])
 3 SYSTEMPATH\View\View.php(234): include('C:\\xampp_htdocs\\kasugaikyudo\\production\\app\\Views\\taikai\\detail_kasugai.php')
 4 SYSTEMPATH\View\View.php(237): CodeIgniter\View\View->CodeIgniter\View\{closure}()
 5 SYSTEMPATH\Common.php(1171): CodeIgniter\View\View->render('taikai/detail_kasugai', [], true)
 6 APPPATH\Controllers\Taikai.php(118): view('taikai/detail_kasugai')
 7 SYSTEMPATH\CodeIgniter.php(933): App\Controllers\Taikai->detail('36')
 8 SYSTEMPATH\CodeIgniter.php(509): CodeIgniter\CodeIgniter->runController(Object(App\Controllers\Taikai))
 9 SYSTEMPATH\CodeIgniter.php(355): CodeIgniter\CodeIgniter->handleRequest(null, Object(Config\Cache), false)
10 SYSTEMPATH\Boot.php(325): CodeIgniter\CodeIgniter->run()
11 SYSTEMPATH\Boot.php(67): CodeIgniter\Boot::runCodeIgniter(Object(CodeIgniter\CodeIgniter))
12 FCPATH\index.php(56): CodeIgniter\Boot::bootWeb(Object(Config\Paths))
CRITICAL - 2026-02-28 23:17:09 --> ErrorException: Undefined array key "kyokai_officer_flg"
[Method: GET, Route: taikai/detail/36]
in APPPATH\Helpers\taikai_helper.php on line 182.
 1 APPPATH\Helpers\taikai_helper.php(182): CodeIgniter\Debug\Exceptions->errorHandler(2, 'Undefined array key "kyokai_officer_flg"', 'C:\\xampp_htdocs\\kasugaikyudo\\production\\app\\Helpers\\taikai_helper.php', 182)
 2 APPPATH\Views\taikai\detail_kasugai.php(4): get_kasugai_taikai_detail_html([...])
 3 SYSTEMPATH\View\View.php(234): include('C:\\xampp_htdocs\\kasugaikyudo\\production\\app\\Views\\taikai\\detail_kasugai.php')
 4 SYSTEMPATH\View\View.php(237): CodeIgniter\View\View->CodeIgniter\View\{closure}()
 5 SYSTEMPATH\Common.php(1171): CodeIgniter\View\View->render('taikai/detail_kasugai', [], true)
 6 APPPATH\Controllers\Taikai.php(118): view('taikai/detail_kasugai')
 7 SYSTEMPATH\CodeIgniter.php(933): App\Controllers\Taikai->detail('36')
 8 SYSTEMPATH\CodeIgniter.php(509): CodeIgniter\CodeIgniter->runController(Object(App\Controllers\Taikai))
 9 SYSTEMPATH\CodeIgniter.php(355): CodeIgniter\CodeIgniter->handleRequest(null, Object(Config\Cache), false)
10 SYSTEMPATH\Boot.php(325): CodeIgniter\CodeIgniter->run()
11 SYSTEMPATH\Boot.php(67): CodeIgniter\Boot::runCodeIgniter(Object(CodeIgniter\CodeIgniter))
12 FCPATH\index.php(56): CodeIgniter\Boot::bootWeb(Object(Config\Paths))
