CRITICAL - 2026-05-03 00:40:09 --> CodeIgniter\Database\Exceptions\DatabaseException: You must set the database table to be used with your query.
[Method: GET, Route: shinsa/detail/63]
in SYSTEMPATH\Database\BaseConnection.php on line 927.
 1 SYSTEMPATH\Model.php(716): CodeIgniter\Database\BaseConnection->table(null)
 2 SYSTEMPATH\Model.php(922): CodeIgniter\Model->builder()
 3 APPPATH\Libraries\ShinsaLibrarie.php(257): CodeIgniter\Model->__call('get_shinsa_target_all_list', [...])
 4 APPPATH\Controllers\Shinsa.php(110): App\Libraries\ShinsaLibrarie->get_shinsa_target_all_list([...])
 5 SYSTEMPATH\CodeIgniter.php(933): App\Controllers\Shinsa->detail('63')
 6 SYSTEMPATH\CodeIgniter.php(509): CodeIgniter\CodeIgniter->runController(Object(App\Controllers\Shinsa))
 7 SYSTEMPATH\CodeIgniter.php(355): CodeIgniter\CodeIgniter->handleRequest(null, Object(Config\Cache), false)
 8 SYSTEMPATH\Boot.php(325): CodeIgniter\CodeIgniter->run()
 9 SYSTEMPATH\Boot.php(67): CodeIgniter\Boot::runCodeIgniter(Object(CodeIgniter\CodeIgniter))
10 FCPATH\index.php(56): CodeIgniter\Boot::bootWeb(Object(Config\Paths))
CRITICAL - 2026-05-03 00:40:17 --> CodeIgniter\Database\Exceptions\DatabaseException: You must set the database table to be used with your query.
[Method: GET, Route: shinsa/detail/33]
in SYSTEMPATH\Database\BaseConnection.php on line 927.
 1 SYSTEMPATH\Model.php(716): CodeIgniter\Database\BaseConnection->table(null)
 2 SYSTEMPATH\Model.php(922): CodeIgniter\Model->builder()
 3 APPPATH\Libraries\ShinsaLibrarie.php(257): CodeIgniter\Model->__call('get_shinsa_target_all_list', [...])
 4 APPPATH\Controllers\Shinsa.php(110): App\Libraries\ShinsaLibrarie->get_shinsa_target_all_list([...])
 5 SYSTEMPATH\CodeIgniter.php(933): App\Controllers\Shinsa->detail('33')
 6 SYSTEMPATH\CodeIgniter.php(509): CodeIgniter\CodeIgniter->runController(Object(App\Controllers\Shinsa))
 7 SYSTEMPATH\CodeIgniter.php(355): CodeIgniter\CodeIgniter->handleRequest(null, Object(Config\Cache), false)
 8 SYSTEMPATH\Boot.php(325): CodeIgniter\CodeIgniter->run()
 9 SYSTEMPATH\Boot.php(67): CodeIgniter\Boot::runCodeIgniter(Object(CodeIgniter\CodeIgniter))
10 FCPATH\index.php(56): CodeIgniter\Boot::bootWeb(Object(Config\Paths))
CRITICAL - 2026-05-03 00:45:33 --> ErrorException: Cannot redeclare App\Models\ShinsaModel::get_shinsa_target_list()
[Method: GET, Route: shinsa/detail/33]
in APPPATH\Models\ShinsaModel.php on line 838.
 1 [internal function]: CodeIgniter\Debug\Exceptions->shutdownHandler()
CRITICAL - 2026-05-03 00:45:45 --> ErrorException: Cannot redeclare App\Models\ShinsaModel::get_shinsa_target_list()
[Method: GET, Route: shinsa/detail/33]
in APPPATH\Models\ShinsaModel.php on line 838.
 1 [internal function]: CodeIgniter\Debug\Exceptions->shutdownHandler()
ERROR - 2026-05-03 00:46:08 --> mysqli_sql_exception: You have an error in your SQL syntax; check the manual that corresponds to your MariaDB server version for the right syntax to use near ''5,7'

			UNION ALL

			SELECT
				mst.shinsa_target_id
				,mst.shinsa_targe...' at line 13 in C:\xampp_htdocs\kasugaikyudo\production\system\Database\MySQLi\Connection.php:312
Stack trace:
#0 C:\xampp_htdocs\kasugaikyudo\production\system\Database\MySQLi\Connection.php(312): mysqli->query('\n\t\t\tSELECT\n\t\t\t\t...', 0)
#1 C:\xampp_htdocs\kasugaikyudo\production\system\Database\BaseConnection.php(734): CodeIgniter\Database\MySQLi\Connection->execute('\n\t\t\tSELECT\n\t\t\t\t...')
#2 C:\xampp_htdocs\kasugaikyudo\production\system\Database\BaseConnection.php(648): CodeIgniter\Database\BaseConnection->simpleQuery('\n\t\t\tSELECT\n\t\t\t\t...')
#3 C:\xampp_htdocs\kasugaikyudo\production\app\Models\BaseQueryModel.php(75): CodeIgniter\Database\BaseConnection->query('\n\t\t\tSELECT\n\t\t\t\t...', Array)
#4 C:\xampp_htdocs\kasugaikyudo\production\app\Models\ShinsaModel.php(876): App\Models\BaseQueryModel->get_result_array('\n\t\t\tSELECT\n\t\t\t\t...', Array)
#5 C:\xampp_htdocs\kasugaikyudo\production\app\Libraries\ShinsaLibrarie.php(256): App\Models\ShinsaModel->get_shinsa_target_all_list('5,7')
#6 C:\xampp_htdocs\kasugaikyudo\production\app\Controllers\Shinsa.php(110): App\Libraries\ShinsaLibrarie->get_shinsa_target_all_list(Array)
#7 C:\xampp_htdocs\kasugaikyudo\production\system\CodeIgniter.php(933): App\Controllers\Shinsa->detail('33')
#8 C:\xampp_htdocs\kasugaikyudo\production\system\CodeIgniter.php(509): CodeIgniter\CodeIgniter->runController(Object(App\Controllers\Shinsa))
#9 C:\xampp_htdocs\kasugaikyudo\production\system\CodeIgniter.php(355): CodeIgniter\CodeIgniter->handleRequest(NULL, Object(Config\Cache), false)
#10 C:\xampp_htdocs\kasugaikyudo\production\system\Boot.php(325): CodeIgniter\CodeIgniter->run()
#11 C:\xampp_htdocs\kasugaikyudo\production\system\Boot.php(67): CodeIgniter\Boot::runCodeIgniter(Object(CodeIgniter\CodeIgniter))
#12 C:\xampp_htdocs\kasugaikyudo\production\index.php(56): CodeIgniter\Boot::bootWeb(Object(Config\Paths))
#13 {main}
CRITICAL - 2026-05-03 00:46:08 --> CodeIgniter\Database\Exceptions\DatabaseException: You have an error in your SQL syntax; check the manual that corresponds to your MariaDB server version for the right syntax to use near ''5,7'

			UNION ALL

			SELECT
				mst.shinsa_target_id
				,mst.shinsa_targe...' at line 13
[Method: GET, Route: shinsa/detail/33]
in SYSTEMPATH\Database\BaseConnection.php on line 688.
 1 APPPATH\Models\BaseQueryModel.php(75): CodeIgniter\Database\BaseConnection->query('
			SELECT
				mst.shinsa_target_id
				,mst.shinsa_target_name
			FROM
				m_holder_grade hgra 
				INNER JOIN m_holder_group hgro 
					ON hgro.holder_group_id = hgra.holder_group_id 
				INNER JOIN m_shinsa_target mst 
					ON mst.pass_holder_id = hgro.holder_id
			--     INNER JOIN m_holder hol 
			--         ON hol.holder_id = hgro.holder_id 
			WHERE
				hgra.holder_grade_id IN :holderGradeIdList:

			UNION ALL

			SELECT
				mst.shinsa_target_id
				,mst.shinsa_target_name
			FROM
				m_holder_grade hgra 
				INNER JOIN m_grade_group ggr
					ON ggr.grade_group_id = hgra.grade_group_id
				INNER JOIN m_shinsa_target mst 
					ON mst.pass_grade_group_id = ggr.grade_id 
			WHERE
				hgra.holder_grade_id IN :holderGradeIdList:

        	ORDER BY shinsa_target_id ASC
		', [...])
 2 APPPATH\Models\ShinsaModel.php(876): App\Models\BaseQueryModel->get_result_array('
			SELECT
				mst.shinsa_target_id
				,mst.shinsa_target_name
			FROM
				m_holder_grade hgra 
				INNER JOIN m_holder_group hgro 
					ON hgro.holder_group_id = hgra.holder_group_id 
				INNER JOIN m_shinsa_target mst 
					ON mst.pass_holder_id = hgro.holder_id
			--     INNER JOIN m_holder hol 
			--         ON hol.holder_id = hgro.holder_id 
			WHERE
				hgra.holder_grade_id IN :holderGradeIdList:

			UNION ALL

			SELECT
				mst.shinsa_target_id
				,mst.shinsa_target_name
			FROM
				m_holder_grade hgra 
				INNER JOIN m_grade_group ggr
					ON ggr.grade_group_id = hgra.grade_group_id
				INNER JOIN m_shinsa_target mst 
					ON mst.pass_grade_group_id = ggr.grade_id 
			WHERE
				hgra.holder_grade_id IN :holderGradeIdList:

        	ORDER BY shinsa_target_id ASC
		', [...])
 3 APPPATH\Libraries\ShinsaLibrarie.php(256): App\Models\ShinsaModel->get_shinsa_target_all_list('5,7')
 4 APPPATH\Controllers\Shinsa.php(110): App\Libraries\ShinsaLibrarie->get_shinsa_target_all_list([...])
 5 SYSTEMPATH\CodeIgniter.php(933): App\Controllers\Shinsa->detail('33')
 6 SYSTEMPATH\CodeIgniter.php(509): CodeIgniter\CodeIgniter->runController(Object(App\Controllers\Shinsa))
 7 SYSTEMPATH\CodeIgniter.php(355): CodeIgniter\CodeIgniter->handleRequest(null, Object(Config\Cache), false)
 8 SYSTEMPATH\Boot.php(325): CodeIgniter\CodeIgniter->run()
 9 SYSTEMPATH\Boot.php(67): CodeIgniter\Boot::runCodeIgniter(Object(CodeIgniter\CodeIgniter))
10 FCPATH\index.php(56): CodeIgniter\Boot::bootWeb(Object(Config\Paths))
CRITICAL - 2026-05-03 00:46:08 --> [Caused by] CodeIgniter\Database\Exceptions\DatabaseException: You have an error in your SQL syntax; check the manual that corresponds to your MariaDB server version for the right syntax to use near ''5,7'

			UNION ALL

			SELECT
				mst.shinsa_target_id
				,mst.shinsa_targe...' at line 13
in SYSTEMPATH\Database\MySQLi\Connection.php on line 317.
 1 SYSTEMPATH\Database\BaseConnection.php(734): CodeIgniter\Database\MySQLi\Connection->execute('
			SELECT
				mst.shinsa_target_id
				,mst.shinsa_target_name
			FROM
				m_holder_grade hgra 
				INNER JOIN m_holder_group hgro 
					ON hgro.holder_group_id = hgra.holder_group_id 
				INNER JOIN m_shinsa_target mst 
					ON mst.pass_holder_id = hgro.holder_id
			--     INNER JOIN m_holder hol 
			--         ON hol.holder_id = hgro.holder_id 
			WHERE
				hgra.holder_grade_id IN \'5,7\'

			UNION ALL

			SELECT
				mst.shinsa_target_id
				,mst.shinsa_target_name
			FROM
				m_holder_grade hgra 
				INNER JOIN m_grade_group ggr
					ON ggr.grade_group_id = hgra.grade_group_id
				INNER JOIN m_shinsa_target mst 
					ON mst.pass_grade_group_id = ggr.grade_id 
			WHERE
				hgra.holder_grade_id IN \'5,7\'

        	ORDER BY shinsa_target_id ASC
		')
 2 SYSTEMPATH\Database\BaseConnection.php(648): CodeIgniter\Database\BaseConnection->simpleQuery('
			SELECT
				mst.shinsa_target_id
				,mst.shinsa_target_name
			FROM
				m_holder_grade hgra 
				INNER JOIN m_holder_group hgro 
					ON hgro.holder_group_id = hgra.holder_group_id 
				INNER JOIN m_shinsa_target mst 
					ON mst.pass_holder_id = hgro.holder_id
			--     INNER JOIN m_holder hol 
			--         ON hol.holder_id = hgro.holder_id 
			WHERE
				hgra.holder_grade_id IN \'5,7\'

			UNION ALL

			SELECT
				mst.shinsa_target_id
				,mst.shinsa_target_name
			FROM
				m_holder_grade hgra 
				INNER JOIN m_grade_group ggr
					ON ggr.grade_group_id = hgra.grade_group_id
				INNER JOIN m_shinsa_target mst 
					ON mst.pass_grade_group_id = ggr.grade_id 
			WHERE
				hgra.holder_grade_id IN \'5,7\'

        	ORDER BY shinsa_target_id ASC
		')
 3 APPPATH\Models\BaseQueryModel.php(75): CodeIgniter\Database\BaseConnection->query('
			SELECT
				mst.shinsa_target_id
				,mst.shinsa_target_name
			FROM
				m_holder_grade hgra 
				INNER JOIN m_holder_group hgro 
					ON hgro.holder_group_id = hgra.holder_group_id 
				INNER JOIN m_shinsa_target mst 
					ON mst.pass_holder_id = hgro.holder_id
			--     INNER JOIN m_holder hol 
			--         ON hol.holder_id = hgro.holder_id 
			WHERE
				hgra.holder_grade_id IN :holderGradeIdList:

			UNION ALL

			SELECT
				mst.shinsa_target_id
				,mst.shinsa_target_name
			FROM
				m_holder_grade hgra 
				INNER JOIN m_grade_group ggr
					ON ggr.grade_group_id = hgra.grade_group_id
				INNER JOIN m_shinsa_target mst 
					ON mst.pass_grade_group_id = ggr.grade_id 
			WHERE
				hgra.holder_grade_id IN :holderGradeIdList:

        	ORDER BY shinsa_target_id ASC
		', [...])
 4 APPPATH\Models\ShinsaModel.php(876): App\Models\BaseQueryModel->get_result_array('
			SELECT
				mst.shinsa_target_id
				,mst.shinsa_target_name
			FROM
				m_holder_grade hgra 
				INNER JOIN m_holder_group hgro 
					ON hgro.holder_group_id = hgra.holder_group_id 
				INNER JOIN m_shinsa_target mst 
					ON mst.pass_holder_id = hgro.holder_id
			--     INNER JOIN m_holder hol 
			--         ON hol.holder_id = hgro.holder_id 
			WHERE
				hgra.holder_grade_id IN :holderGradeIdList:

			UNION ALL

			SELECT
				mst.shinsa_target_id
				,mst.shinsa_target_name
			FROM
				m_holder_grade hgra 
				INNER JOIN m_grade_group ggr
					ON ggr.grade_group_id = hgra.grade_group_id
				INNER JOIN m_shinsa_target mst 
					ON mst.pass_grade_group_id = ggr.grade_id 
			WHERE
				hgra.holder_grade_id IN :holderGradeIdList:

        	ORDER BY shinsa_target_id ASC
		', [...])
 5 APPPATH\Libraries\ShinsaLibrarie.php(256): App\Models\ShinsaModel->get_shinsa_target_all_list('5,7')
 6 APPPATH\Controllers\Shinsa.php(110): App\Libraries\ShinsaLibrarie->get_shinsa_target_all_list([...])
 7 SYSTEMPATH\CodeIgniter.php(933): App\Controllers\Shinsa->detail('33')
 8 SYSTEMPATH\CodeIgniter.php(509): CodeIgniter\CodeIgniter->runController(Object(App\Controllers\Shinsa))
 9 SYSTEMPATH\CodeIgniter.php(355): CodeIgniter\CodeIgniter->handleRequest(null, Object(Config\Cache), false)
10 SYSTEMPATH\Boot.php(325): CodeIgniter\CodeIgniter->run()
11 SYSTEMPATH\Boot.php(67): CodeIgniter\Boot::runCodeIgniter(Object(CodeIgniter\CodeIgniter))
12 FCPATH\index.php(56): CodeIgniter\Boot::bootWeb(Object(Config\Paths))
CRITICAL - 2026-05-03 00:46:08 --> [Caused by] mysqli_sql_exception: You have an error in your SQL syntax; check the manual that corresponds to your MariaDB server version for the right syntax to use near ''5,7'

			UNION ALL

			SELECT
				mst.shinsa_target_id
				,mst.shinsa_targe...' at line 13
in SYSTEMPATH\Database\MySQLi\Connection.php on line 312.
 1 SYSTEMPATH\Database\MySQLi\Connection.php(312): mysqli->query('
			SELECT
				mst.shinsa_target_id
				,mst.shinsa_target_name
			FROM
				m_holder_grade hgra 
				INNER JOIN m_holder_group hgro 
					ON hgro.holder_group_id = hgra.holder_group_id 
				INNER JOIN m_shinsa_target mst 
					ON mst.pass_holder_id = hgro.holder_id
			--     INNER JOIN m_holder hol 
			--         ON hol.holder_id = hgro.holder_id 
			WHERE
				hgra.holder_grade_id IN \'5,7\'

			UNION ALL

			SELECT
				mst.shinsa_target_id
				,mst.shinsa_target_name
			FROM
				m_holder_grade hgra 
				INNER JOIN m_grade_group ggr
					ON ggr.grade_group_id = hgra.grade_group_id
				INNER JOIN m_shinsa_target mst 
					ON mst.pass_grade_group_id = ggr.grade_id 
			WHERE
				hgra.holder_grade_id IN \'5,7\'

        	ORDER BY shinsa_target_id ASC
		', 0)
 2 SYSTEMPATH\Database\BaseConnection.php(734): CodeIgniter\Database\MySQLi\Connection->execute('
			SELECT
				mst.shinsa_target_id
				,mst.shinsa_target_name
			FROM
				m_holder_grade hgra 
				INNER JOIN m_holder_group hgro 
					ON hgro.holder_group_id = hgra.holder_group_id 
				INNER JOIN m_shinsa_target mst 
					ON mst.pass_holder_id = hgro.holder_id
			--     INNER JOIN m_holder hol 
			--         ON hol.holder_id = hgro.holder_id 
			WHERE
				hgra.holder_grade_id IN \'5,7\'

			UNION ALL

			SELECT
				mst.shinsa_target_id
				,mst.shinsa_target_name
			FROM
				m_holder_grade hgra 
				INNER JOIN m_grade_group ggr
					ON ggr.grade_group_id = hgra.grade_group_id
				INNER JOIN m_shinsa_target mst 
					ON mst.pass_grade_group_id = ggr.grade_id 
			WHERE
				hgra.holder_grade_id IN \'5,7\'

        	ORDER BY shinsa_target_id ASC
		')
 3 SYSTEMPATH\Database\BaseConnection.php(648): CodeIgniter\Database\BaseConnection->simpleQuery('
			SELECT
				mst.shinsa_target_id
				,mst.shinsa_target_name
			FROM
				m_holder_grade hgra 
				INNER JOIN m_holder_group hgro 
					ON hgro.holder_group_id = hgra.holder_group_id 
				INNER JOIN m_shinsa_target mst 
					ON mst.pass_holder_id = hgro.holder_id
			--     INNER JOIN m_holder hol 
			--         ON hol.holder_id = hgro.holder_id 
			WHERE
				hgra.holder_grade_id IN \'5,7\'

			UNION ALL

			SELECT
				mst.shinsa_target_id
				,mst.shinsa_target_name
			FROM
				m_holder_grade hgra 
				INNER JOIN m_grade_group ggr
					ON ggr.grade_group_id = hgra.grade_group_id
				INNER JOIN m_shinsa_target mst 
					ON mst.pass_grade_group_id = ggr.grade_id 
			WHERE
				hgra.holder_grade_id IN \'5,7\'

        	ORDER BY shinsa_target_id ASC
		')
 4 APPPATH\Models\BaseQueryModel.php(75): CodeIgniter\Database\BaseConnection->query('
			SELECT
				mst.shinsa_target_id
				,mst.shinsa_target_name
			FROM
				m_holder_grade hgra 
				INNER JOIN m_holder_group hgro 
					ON hgro.holder_group_id = hgra.holder_group_id 
				INNER JOIN m_shinsa_target mst 
					ON mst.pass_holder_id = hgro.holder_id
			--     INNER JOIN m_holder hol 
			--         ON hol.holder_id = hgro.holder_id 
			WHERE
				hgra.holder_grade_id IN :holderGradeIdList:

			UNION ALL

			SELECT
				mst.shinsa_target_id
				,mst.shinsa_target_name
			FROM
				m_holder_grade hgra 
				INNER JOIN m_grade_group ggr
					ON ggr.grade_group_id = hgra.grade_group_id
				INNER JOIN m_shinsa_target mst 
					ON mst.pass_grade_group_id = ggr.grade_id 
			WHERE
				hgra.holder_grade_id IN :holderGradeIdList:

        	ORDER BY shinsa_target_id ASC
		', [...])
 5 APPPATH\Models\ShinsaModel.php(876): App\Models\BaseQueryModel->get_result_array('
			SELECT
				mst.shinsa_target_id
				,mst.shinsa_target_name
			FROM
				m_holder_grade hgra 
				INNER JOIN m_holder_group hgro 
					ON hgro.holder_group_id = hgra.holder_group_id 
				INNER JOIN m_shinsa_target mst 
					ON mst.pass_holder_id = hgro.holder_id
			--     INNER JOIN m_holder hol 
			--         ON hol.holder_id = hgro.holder_id 
			WHERE
				hgra.holder_grade_id IN :holderGradeIdList:

			UNION ALL

			SELECT
				mst.shinsa_target_id
				,mst.shinsa_target_name
			FROM
				m_holder_grade hgra 
				INNER JOIN m_grade_group ggr
					ON ggr.grade_group_id = hgra.grade_group_id
				INNER JOIN m_shinsa_target mst 
					ON mst.pass_grade_group_id = ggr.grade_id 
			WHERE
				hgra.holder_grade_id IN :holderGradeIdList:

        	ORDER BY shinsa_target_id ASC
		', [...])
 6 APPPATH\Libraries\ShinsaLibrarie.php(256): App\Models\ShinsaModel->get_shinsa_target_all_list('5,7')
 7 APPPATH\Controllers\Shinsa.php(110): App\Libraries\ShinsaLibrarie->get_shinsa_target_all_list([...])
 8 SYSTEMPATH\CodeIgniter.php(933): App\Controllers\Shinsa->detail('33')
 9 SYSTEMPATH\CodeIgniter.php(509): CodeIgniter\CodeIgniter->runController(Object(App\Controllers\Shinsa))
10 SYSTEMPATH\CodeIgniter.php(355): CodeIgniter\CodeIgniter->handleRequest(null, Object(Config\Cache), false)
11 SYSTEMPATH\Boot.php(325): CodeIgniter\CodeIgniter->run()
12 SYSTEMPATH\Boot.php(67): CodeIgniter\Boot::runCodeIgniter(Object(CodeIgniter\CodeIgniter))
13 FCPATH\index.php(56): CodeIgniter\Boot::bootWeb(Object(Config\Paths))
ERROR - 2026-05-03 00:46:49 --> mysqli_sql_exception: You have an error in your SQL syntax; check the manual that corresponds to your MariaDB server version for the right syntax to use near ''5,7'

			UNION ALL

			SELECT
				mst.shinsa_target_id
				,mst.shinsa_targe...' at line 13 in C:\xampp_htdocs\kasugaikyudo\production\system\Database\MySQLi\Connection.php:312
Stack trace:
#0 C:\xampp_htdocs\kasugaikyudo\production\system\Database\MySQLi\Connection.php(312): mysqli->query('\n\t\t\tSELECT\n\t\t\t\t...', 0)
#1 C:\xampp_htdocs\kasugaikyudo\production\system\Database\BaseConnection.php(734): CodeIgniter\Database\MySQLi\Connection->execute('\n\t\t\tSELECT\n\t\t\t\t...')
#2 C:\xampp_htdocs\kasugaikyudo\production\system\Database\BaseConnection.php(648): CodeIgniter\Database\BaseConnection->simpleQuery('\n\t\t\tSELECT\n\t\t\t\t...')
#3 C:\xampp_htdocs\kasugaikyudo\production\app\Models\BaseQueryModel.php(75): CodeIgniter\Database\BaseConnection->query('\n\t\t\tSELECT\n\t\t\t\t...', Array)
#4 C:\xampp_htdocs\kasugaikyudo\production\app\Models\ShinsaModel.php(876): App\Models\BaseQueryModel->get_result_array('\n\t\t\tSELECT\n\t\t\t\t...', Array)
#5 C:\xampp_htdocs\kasugaikyudo\production\app\Libraries\ShinsaLibrarie.php(256): App\Models\ShinsaModel->get_shinsa_target_all_list('5,7')
#6 C:\xampp_htdocs\kasugaikyudo\production\app\Controllers\Shinsa.php(110): App\Libraries\ShinsaLibrarie->get_shinsa_target_all_list(Array)
#7 C:\xampp_htdocs\kasugaikyudo\production\system\CodeIgniter.php(933): App\Controllers\Shinsa->detail('33')
#8 C:\xampp_htdocs\kasugaikyudo\production\system\CodeIgniter.php(509): CodeIgniter\CodeIgniter->runController(Object(App\Controllers\Shinsa))
#9 C:\xampp_htdocs\kasugaikyudo\production\system\CodeIgniter.php(355): CodeIgniter\CodeIgniter->handleRequest(NULL, Object(Config\Cache), false)
#10 C:\xampp_htdocs\kasugaikyudo\production\system\Boot.php(325): CodeIgniter\CodeIgniter->run()
#11 C:\xampp_htdocs\kasugaikyudo\production\system\Boot.php(67): CodeIgniter\Boot::runCodeIgniter(Object(CodeIgniter\CodeIgniter))
#12 C:\xampp_htdocs\kasugaikyudo\production\index.php(56): CodeIgniter\Boot::bootWeb(Object(Config\Paths))
#13 {main}
CRITICAL - 2026-05-03 00:46:49 --> CodeIgniter\Database\Exceptions\DatabaseException: You have an error in your SQL syntax; check the manual that corresponds to your MariaDB server version for the right syntax to use near ''5,7'

			UNION ALL

			SELECT
				mst.shinsa_target_id
				,mst.shinsa_targe...' at line 13
[Method: GET, Route: shinsa/detail/33]
in SYSTEMPATH\Database\BaseConnection.php on line 688.
 1 APPPATH\Models\BaseQueryModel.php(75): CodeIgniter\Database\BaseConnection->query('
			SELECT
				mst.shinsa_target_id
				,mst.shinsa_target_name
			FROM
				m_holder_grade hgra 
				INNER JOIN m_holder_group hgro 
					ON hgro.holder_group_id = hgra.holder_group_id 
				INNER JOIN m_shinsa_target mst 
					ON mst.pass_holder_id = hgro.holder_id
			--     INNER JOIN m_holder hol 
			--         ON hol.holder_id = hgro.holder_id 
			WHERE
				hgra.holder_grade_id IN :holderGradeIdList:

			UNION ALL

			SELECT
				mst.shinsa_target_id
				,mst.shinsa_target_name
			FROM
				m_holder_grade hgra 
				INNER JOIN m_grade_group ggr
					ON ggr.grade_group_id = hgra.grade_group_id
				INNER JOIN m_shinsa_target mst 
					ON mst.pass_grade_group_id = ggr.grade_id 
			WHERE
				hgra.holder_grade_id IN :holderGradeIdList:

        	ORDER BY shinsa_target_id ASC
		', [...])
 2 APPPATH\Models\ShinsaModel.php(876): App\Models\BaseQueryModel->get_result_array('
			SELECT
				mst.shinsa_target_id
				,mst.shinsa_target_name
			FROM
				m_holder_grade hgra 
				INNER JOIN m_holder_group hgro 
					ON hgro.holder_group_id = hgra.holder_group_id 
				INNER JOIN m_shinsa_target mst 
					ON mst.pass_holder_id = hgro.holder_id
			--     INNER JOIN m_holder hol 
			--         ON hol.holder_id = hgro.holder_id 
			WHERE
				hgra.holder_grade_id IN :holderGradeIdList:

			UNION ALL

			SELECT
				mst.shinsa_target_id
				,mst.shinsa_target_name
			FROM
				m_holder_grade hgra 
				INNER JOIN m_grade_group ggr
					ON ggr.grade_group_id = hgra.grade_group_id
				INNER JOIN m_shinsa_target mst 
					ON mst.pass_grade_group_id = ggr.grade_id 
			WHERE
				hgra.holder_grade_id IN :holderGradeIdList:

        	ORDER BY shinsa_target_id ASC
		', [...])
 3 APPPATH\Libraries\ShinsaLibrarie.php(256): App\Models\ShinsaModel->get_shinsa_target_all_list('5,7')
 4 APPPATH\Controllers\Shinsa.php(110): App\Libraries\ShinsaLibrarie->get_shinsa_target_all_list([...])
 5 SYSTEMPATH\CodeIgniter.php(933): App\Controllers\Shinsa->detail('33')
 6 SYSTEMPATH\CodeIgniter.php(509): CodeIgniter\CodeIgniter->runController(Object(App\Controllers\Shinsa))
 7 SYSTEMPATH\CodeIgniter.php(355): CodeIgniter\CodeIgniter->handleRequest(null, Object(Config\Cache), false)
 8 SYSTEMPATH\Boot.php(325): CodeIgniter\CodeIgniter->run()
 9 SYSTEMPATH\Boot.php(67): CodeIgniter\Boot::runCodeIgniter(Object(CodeIgniter\CodeIgniter))
10 FCPATH\index.php(56): CodeIgniter\Boot::bootWeb(Object(Config\Paths))
CRITICAL - 2026-05-03 00:46:49 --> [Caused by] CodeIgniter\Database\Exceptions\DatabaseException: You have an error in your SQL syntax; check the manual that corresponds to your MariaDB server version for the right syntax to use near ''5,7'

			UNION ALL

			SELECT
				mst.shinsa_target_id
				,mst.shinsa_targe...' at line 13
in SYSTEMPATH\Database\MySQLi\Connection.php on line 317.
 1 SYSTEMPATH\Database\BaseConnection.php(734): CodeIgniter\Database\MySQLi\Connection->execute('
			SELECT
				mst.shinsa_target_id
				,mst.shinsa_target_name
			FROM
				m_holder_grade hgra 
				INNER JOIN m_holder_group hgro 
					ON hgro.holder_group_id = hgra.holder_group_id 
				INNER JOIN m_shinsa_target mst 
					ON mst.pass_holder_id = hgro.holder_id
			--     INNER JOIN m_holder hol 
			--         ON hol.holder_id = hgro.holder_id 
			WHERE
				hgra.holder_grade_id IN \'5,7\'

			UNION ALL

			SELECT
				mst.shinsa_target_id
				,mst.shinsa_target_name
			FROM
				m_holder_grade hgra 
				INNER JOIN m_grade_group ggr
					ON ggr.grade_group_id = hgra.grade_group_id
				INNER JOIN m_shinsa_target mst 
					ON mst.pass_grade_group_id = ggr.grade_id 
			WHERE
				hgra.holder_grade_id IN \'5,7\'

        	ORDER BY shinsa_target_id ASC
		')
 2 SYSTEMPATH\Database\BaseConnection.php(648): CodeIgniter\Database\BaseConnection->simpleQuery('
			SELECT
				mst.shinsa_target_id
				,mst.shinsa_target_name
			FROM
				m_holder_grade hgra 
				INNER JOIN m_holder_group hgro 
					ON hgro.holder_group_id = hgra.holder_group_id 
				INNER JOIN m_shinsa_target mst 
					ON mst.pass_holder_id = hgro.holder_id
			--     INNER JOIN m_holder hol 
			--         ON hol.holder_id = hgro.holder_id 
			WHERE
				hgra.holder_grade_id IN \'5,7\'

			UNION ALL

			SELECT
				mst.shinsa_target_id
				,mst.shinsa_target_name
			FROM
				m_holder_grade hgra 
				INNER JOIN m_grade_group ggr
					ON ggr.grade_group_id = hgra.grade_group_id
				INNER JOIN m_shinsa_target mst 
					ON mst.pass_grade_group_id = ggr.grade_id 
			WHERE
				hgra.holder_grade_id IN \'5,7\'

        	ORDER BY shinsa_target_id ASC
		')
 3 APPPATH\Models\BaseQueryModel.php(75): CodeIgniter\Database\BaseConnection->query('
			SELECT
				mst.shinsa_target_id
				,mst.shinsa_target_name
			FROM
				m_holder_grade hgra 
				INNER JOIN m_holder_group hgro 
					ON hgro.holder_group_id = hgra.holder_group_id 
				INNER JOIN m_shinsa_target mst 
					ON mst.pass_holder_id = hgro.holder_id
			--     INNER JOIN m_holder hol 
			--         ON hol.holder_id = hgro.holder_id 
			WHERE
				hgra.holder_grade_id IN :holderGradeIdList:

			UNION ALL

			SELECT
				mst.shinsa_target_id
				,mst.shinsa_target_name
			FROM
				m_holder_grade hgra 
				INNER JOIN m_grade_group ggr
					ON ggr.grade_group_id = hgra.grade_group_id
				INNER JOIN m_shinsa_target mst 
					ON mst.pass_grade_group_id = ggr.grade_id 
			WHERE
				hgra.holder_grade_id IN :holderGradeIdList:

        	ORDER BY shinsa_target_id ASC
		', [...])
 4 APPPATH\Models\ShinsaModel.php(876): App\Models\BaseQueryModel->get_result_array('
			SELECT
				mst.shinsa_target_id
				,mst.shinsa_target_name
			FROM
				m_holder_grade hgra 
				INNER JOIN m_holder_group hgro 
					ON hgro.holder_group_id = hgra.holder_group_id 
				INNER JOIN m_shinsa_target mst 
					ON mst.pass_holder_id = hgro.holder_id
			--     INNER JOIN m_holder hol 
			--         ON hol.holder_id = hgro.holder_id 
			WHERE
				hgra.holder_grade_id IN :holderGradeIdList:

			UNION ALL

			SELECT
				mst.shinsa_target_id
				,mst.shinsa_target_name
			FROM
				m_holder_grade hgra 
				INNER JOIN m_grade_group ggr
					ON ggr.grade_group_id = hgra.grade_group_id
				INNER JOIN m_shinsa_target mst 
					ON mst.pass_grade_group_id = ggr.grade_id 
			WHERE
				hgra.holder_grade_id IN :holderGradeIdList:

        	ORDER BY shinsa_target_id ASC
		', [...])
 5 APPPATH\Libraries\ShinsaLibrarie.php(256): App\Models\ShinsaModel->get_shinsa_target_all_list('5,7')
 6 APPPATH\Controllers\Shinsa.php(110): App\Libraries\ShinsaLibrarie->get_shinsa_target_all_list([...])
 7 SYSTEMPATH\CodeIgniter.php(933): App\Controllers\Shinsa->detail('33')
 8 SYSTEMPATH\CodeIgniter.php(509): CodeIgniter\CodeIgniter->runController(Object(App\Controllers\Shinsa))
 9 SYSTEMPATH\CodeIgniter.php(355): CodeIgniter\CodeIgniter->handleRequest(null, Object(Config\Cache), false)
10 SYSTEMPATH\Boot.php(325): CodeIgniter\CodeIgniter->run()
11 SYSTEMPATH\Boot.php(67): CodeIgniter\Boot::runCodeIgniter(Object(CodeIgniter\CodeIgniter))
12 FCPATH\index.php(56): CodeIgniter\Boot::bootWeb(Object(Config\Paths))
CRITICAL - 2026-05-03 00:46:49 --> [Caused by] mysqli_sql_exception: You have an error in your SQL syntax; check the manual that corresponds to your MariaDB server version for the right syntax to use near ''5,7'

			UNION ALL

			SELECT
				mst.shinsa_target_id
				,mst.shinsa_targe...' at line 13
in SYSTEMPATH\Database\MySQLi\Connection.php on line 312.
 1 SYSTEMPATH\Database\MySQLi\Connection.php(312): mysqli->query('
			SELECT
				mst.shinsa_target_id
				,mst.shinsa_target_name
			FROM
				m_holder_grade hgra 
				INNER JOIN m_holder_group hgro 
					ON hgro.holder_group_id = hgra.holder_group_id 
				INNER JOIN m_shinsa_target mst 
					ON mst.pass_holder_id = hgro.holder_id
			--     INNER JOIN m_holder hol 
			--         ON hol.holder_id = hgro.holder_id 
			WHERE
				hgra.holder_grade_id IN \'5,7\'

			UNION ALL

			SELECT
				mst.shinsa_target_id
				,mst.shinsa_target_name
			FROM
				m_holder_grade hgra 
				INNER JOIN m_grade_group ggr
					ON ggr.grade_group_id = hgra.grade_group_id
				INNER JOIN m_shinsa_target mst 
					ON mst.pass_grade_group_id = ggr.grade_id 
			WHERE
				hgra.holder_grade_id IN \'5,7\'

        	ORDER BY shinsa_target_id ASC
		', 0)
 2 SYSTEMPATH\Database\BaseConnection.php(734): CodeIgniter\Database\MySQLi\Connection->execute('
			SELECT
				mst.shinsa_target_id
				,mst.shinsa_target_name
			FROM
				m_holder_grade hgra 
				INNER JOIN m_holder_group hgro 
					ON hgro.holder_group_id = hgra.holder_group_id 
				INNER JOIN m_shinsa_target mst 
					ON mst.pass_holder_id = hgro.holder_id
			--     INNER JOIN m_holder hol 
			--         ON hol.holder_id = hgro.holder_id 
			WHERE
				hgra.holder_grade_id IN \'5,7\'

			UNION ALL

			SELECT
				mst.shinsa_target_id
				,mst.shinsa_target_name
			FROM
				m_holder_grade hgra 
				INNER JOIN m_grade_group ggr
					ON ggr.grade_group_id = hgra.grade_group_id
				INNER JOIN m_shinsa_target mst 
					ON mst.pass_grade_group_id = ggr.grade_id 
			WHERE
				hgra.holder_grade_id IN \'5,7\'

        	ORDER BY shinsa_target_id ASC
		')
 3 SYSTEMPATH\Database\BaseConnection.php(648): CodeIgniter\Database\BaseConnection->simpleQuery('
			SELECT
				mst.shinsa_target_id
				,mst.shinsa_target_name
			FROM
				m_holder_grade hgra 
				INNER JOIN m_holder_group hgro 
					ON hgro.holder_group_id = hgra.holder_group_id 
				INNER JOIN m_shinsa_target mst 
					ON mst.pass_holder_id = hgro.holder_id
			--     INNER JOIN m_holder hol 
			--         ON hol.holder_id = hgro.holder_id 
			WHERE
				hgra.holder_grade_id IN \'5,7\'

			UNION ALL

			SELECT
				mst.shinsa_target_id
				,mst.shinsa_target_name
			FROM
				m_holder_grade hgra 
				INNER JOIN m_grade_group ggr
					ON ggr.grade_group_id = hgra.grade_group_id
				INNER JOIN m_shinsa_target mst 
					ON mst.pass_grade_group_id = ggr.grade_id 
			WHERE
				hgra.holder_grade_id IN \'5,7\'

        	ORDER BY shinsa_target_id ASC
		')
 4 APPPATH\Models\BaseQueryModel.php(75): CodeIgniter\Database\BaseConnection->query('
			SELECT
				mst.shinsa_target_id
				,mst.shinsa_target_name
			FROM
				m_holder_grade hgra 
				INNER JOIN m_holder_group hgro 
					ON hgro.holder_group_id = hgra.holder_group_id 
				INNER JOIN m_shinsa_target mst 
					ON mst.pass_holder_id = hgro.holder_id
			--     INNER JOIN m_holder hol 
			--         ON hol.holder_id = hgro.holder_id 
			WHERE
				hgra.holder_grade_id IN :holderGradeIdList:

			UNION ALL

			SELECT
				mst.shinsa_target_id
				,mst.shinsa_target_name
			FROM
				m_holder_grade hgra 
				INNER JOIN m_grade_group ggr
					ON ggr.grade_group_id = hgra.grade_group_id
				INNER JOIN m_shinsa_target mst 
					ON mst.pass_grade_group_id = ggr.grade_id 
			WHERE
				hgra.holder_grade_id IN :holderGradeIdList:

        	ORDER BY shinsa_target_id ASC
		', [...])
 5 APPPATH\Models\ShinsaModel.php(876): App\Models\BaseQueryModel->get_result_array('
			SELECT
				mst.shinsa_target_id
				,mst.shinsa_target_name
			FROM
				m_holder_grade hgra 
				INNER JOIN m_holder_group hgro 
					ON hgro.holder_group_id = hgra.holder_group_id 
				INNER JOIN m_shinsa_target mst 
					ON mst.pass_holder_id = hgro.holder_id
			--     INNER JOIN m_holder hol 
			--         ON hol.holder_id = hgro.holder_id 
			WHERE
				hgra.holder_grade_id IN :holderGradeIdList:

			UNION ALL

			SELECT
				mst.shinsa_target_id
				,mst.shinsa_target_name
			FROM
				m_holder_grade hgra 
				INNER JOIN m_grade_group ggr
					ON ggr.grade_group_id = hgra.grade_group_id
				INNER JOIN m_shinsa_target mst 
					ON mst.pass_grade_group_id = ggr.grade_id 
			WHERE
				hgra.holder_grade_id IN :holderGradeIdList:

        	ORDER BY shinsa_target_id ASC
		', [...])
 6 APPPATH\Libraries\ShinsaLibrarie.php(256): App\Models\ShinsaModel->get_shinsa_target_all_list('5,7')
 7 APPPATH\Controllers\Shinsa.php(110): App\Libraries\ShinsaLibrarie->get_shinsa_target_all_list([...])
 8 SYSTEMPATH\CodeIgniter.php(933): App\Controllers\Shinsa->detail('33')
 9 SYSTEMPATH\CodeIgniter.php(509): CodeIgniter\CodeIgniter->runController(Object(App\Controllers\Shinsa))
10 SYSTEMPATH\CodeIgniter.php(355): CodeIgniter\CodeIgniter->handleRequest(null, Object(Config\Cache), false)
11 SYSTEMPATH\Boot.php(325): CodeIgniter\CodeIgniter->run()
12 SYSTEMPATH\Boot.php(67): CodeIgniter\Boot::runCodeIgniter(Object(CodeIgniter\CodeIgniter))
13 FCPATH\index.php(56): CodeIgniter\Boot::bootWeb(Object(Config\Paths))
ERROR - 2026-05-03 15:38:40 --> mysqli_sql_exception: MySQL server has gone away in C:\xampp_htdocs\kasugaikyudo\production\system\Database\MySQLi\Connection.php:312
Stack trace:
#0 C:\xampp_htdocs\kasugaikyudo\production\system\Database\MySQLi\Connection.php(312): mysqli->query('\n\t\t\tSELECT\n\t\t\t\t...', 0)
#1 C:\xampp_htdocs\kasugaikyudo\production\system\Database\BaseConnection.php(734): CodeIgniter\Database\MySQLi\Connection->execute('\n\t\t\tSELECT\n\t\t\t\t...')
#2 C:\xampp_htdocs\kasugaikyudo\production\system\Database\BaseConnection.php(648): CodeIgniter\Database\BaseConnection->simpleQuery('\n\t\t\tSELECT\n\t\t\t\t...')
#3 C:\xampp_htdocs\kasugaikyudo\production\app\Models\BaseQueryModel.php(75): CodeIgniter\Database\BaseConnection->query('\n\t\t\tSELECT\n\t\t\t\t...', Array)
#4 C:\xampp_htdocs\kasugaikyudo\production\app\Models\ShinsaModel.php(874): App\Models\BaseQueryModel->get_result_array('\n\t\t\tSELECT\n\t\t\t\t...', Array)
#5 C:\xampp_htdocs\kasugaikyudo\production\app\Libraries\ShinsaLibrarie.php(256): App\Models\ShinsaModel->get_shinsa_target_all_list('5,7')
#6 C:\xampp_htdocs\kasugaikyudo\production\app\Controllers\Shinsa.php(110): App\Libraries\ShinsaLibrarie->get_shinsa_target_all_list(Array)
#7 C:\xampp_htdocs\kasugaikyudo\production\system\CodeIgniter.php(933): App\Controllers\Shinsa->detail('33')
#8 C:\xampp_htdocs\kasugaikyudo\production\system\CodeIgniter.php(509): CodeIgniter\CodeIgniter->runController(Object(App\Controllers\Shinsa))
#9 C:\xampp_htdocs\kasugaikyudo\production\system\CodeIgniter.php(355): CodeIgniter\CodeIgniter->handleRequest(NULL, Object(Config\Cache), false)
#10 C:\xampp_htdocs\kasugaikyudo\production\system\Boot.php(325): CodeIgniter\CodeIgniter->run()
#11 C:\xampp_htdocs\kasugaikyudo\production\system\Boot.php(67): CodeIgniter\Boot::runCodeIgniter(Object(CodeIgniter\CodeIgniter))
#12 C:\xampp_htdocs\kasugaikyudo\production\index.php(56): CodeIgniter\Boot::bootWeb(Object(Config\Paths))
#13 {main}
CRITICAL - 2026-05-03 15:38:40 --> CodeIgniter\Database\Exceptions\DatabaseException: MySQL server has gone away
[Method: GET, Route: shinsa/detail/33]
in SYSTEMPATH\Database\BaseConnection.php on line 688.
 1 APPPATH\Models\BaseQueryModel.php(75): CodeIgniter\Database\BaseConnection->query('
			SELECT
				mst.shinsa_target_id
				,mst.shinsa_target_name
			FROM
				m_holder_grade hgra 
				INNER JOIN m_holder_group hgro 
					ON hgro.holder_group_id = hgra.holder_group_id 
				INNER JOIN m_shinsa_target mst 
					ON mst.pass_holder_id = hgro.holder_id
			WHERE
				hgra.holder_grade_id IN (:holderGradeIdList:)

			UNION ALL

			SELECT
				mst.shinsa_target_id
				,mst.shinsa_target_name
			FROM
				m_holder_grade hgra 
				INNER JOIN m_grade_group ggr
					ON ggr.grade_group_id = hgra.grade_group_id
				INNER JOIN m_shinsa_target mst 
					ON mst.pass_grade_group_id = ggr.grade_id 
			WHERE
				hgra.holder_grade_id IN (:holderGradeIdList:)

        	ORDER BY shinsa_target_id ASC
		', [...])
 2 APPPATH\Models\ShinsaModel.php(874): App\Models\BaseQueryModel->get_result_array('
			SELECT
				mst.shinsa_target_id
				,mst.shinsa_target_name
			FROM
				m_holder_grade hgra 
				INNER JOIN m_holder_group hgro 
					ON hgro.holder_group_id = hgra.holder_group_id 
				INNER JOIN m_shinsa_target mst 
					ON mst.pass_holder_id = hgro.holder_id
			WHERE
				hgra.holder_grade_id IN (:holderGradeIdList:)

			UNION ALL

			SELECT
				mst.shinsa_target_id
				,mst.shinsa_target_name
			FROM
				m_holder_grade hgra 
				INNER JOIN m_grade_group ggr
					ON ggr.grade_group_id = hgra.grade_group_id
				INNER JOIN m_shinsa_target mst 
					ON mst.pass_grade_group_id = ggr.grade_id 
			WHERE
				hgra.holder_grade_id IN (:holderGradeIdList:)

        	ORDER BY shinsa_target_id ASC
		', [...])
 3 APPPATH\Libraries\ShinsaLibrarie.php(256): App\Models\ShinsaModel->get_shinsa_target_all_list('5,7')
 4 APPPATH\Controllers\Shinsa.php(110): App\Libraries\ShinsaLibrarie->get_shinsa_target_all_list([...])
 5 SYSTEMPATH\CodeIgniter.php(933): App\Controllers\Shinsa->detail('33')
 6 SYSTEMPATH\CodeIgniter.php(509): CodeIgniter\CodeIgniter->runController(Object(App\Controllers\Shinsa))
 7 SYSTEMPATH\CodeIgniter.php(355): CodeIgniter\CodeIgniter->handleRequest(null, Object(Config\Cache), false)
 8 SYSTEMPATH\Boot.php(325): CodeIgniter\CodeIgniter->run()
 9 SYSTEMPATH\Boot.php(67): CodeIgniter\Boot::runCodeIgniter(Object(CodeIgniter\CodeIgniter))
10 FCPATH\index.php(56): CodeIgniter\Boot::bootWeb(Object(Config\Paths))
CRITICAL - 2026-05-03 15:38:40 --> [Caused by] CodeIgniter\Database\Exceptions\DatabaseException: MySQL server has gone away
in SYSTEMPATH\Database\MySQLi\Connection.php on line 317.
 1 SYSTEMPATH\Database\BaseConnection.php(734): CodeIgniter\Database\MySQLi\Connection->execute('
			SELECT
				mst.shinsa_target_id
				,mst.shinsa_target_name
			FROM
				m_holder_grade hgra 
				INNER JOIN m_holder_group hgro 
					ON hgro.holder_group_id = hgra.holder_group_id 
				INNER JOIN m_shinsa_target mst 
					ON mst.pass_holder_id = hgro.holder_id
			WHERE
				hgra.holder_grade_id IN (\'5,7\')

			UNION ALL

			SELECT
				mst.shinsa_target_id
				,mst.shinsa_target_name
			FROM
				m_holder_grade hgra 
				INNER JOIN m_grade_group ggr
					ON ggr.grade_group_id = hgra.grade_group_id
				INNER JOIN m_shinsa_target mst 
					ON mst.pass_grade_group_id = ggr.grade_id 
			WHERE
				hgra.holder_grade_id IN (\'5,7\')

        	ORDER BY shinsa_target_id ASC
		')
 2 SYSTEMPATH\Database\BaseConnection.php(648): CodeIgniter\Database\BaseConnection->simpleQuery('
			SELECT
				mst.shinsa_target_id
				,mst.shinsa_target_name
			FROM
				m_holder_grade hgra 
				INNER JOIN m_holder_group hgro 
					ON hgro.holder_group_id = hgra.holder_group_id 
				INNER JOIN m_shinsa_target mst 
					ON mst.pass_holder_id = hgro.holder_id
			WHERE
				hgra.holder_grade_id IN (\'5,7\')

			UNION ALL

			SELECT
				mst.shinsa_target_id
				,mst.shinsa_target_name
			FROM
				m_holder_grade hgra 
				INNER JOIN m_grade_group ggr
					ON ggr.grade_group_id = hgra.grade_group_id
				INNER JOIN m_shinsa_target mst 
					ON mst.pass_grade_group_id = ggr.grade_id 
			WHERE
				hgra.holder_grade_id IN (\'5,7\')

        	ORDER BY shinsa_target_id ASC
		')
 3 APPPATH\Models\BaseQueryModel.php(75): CodeIgniter\Database\BaseConnection->query('
			SELECT
				mst.shinsa_target_id
				,mst.shinsa_target_name
			FROM
				m_holder_grade hgra 
				INNER JOIN m_holder_group hgro 
					ON hgro.holder_group_id = hgra.holder_group_id 
				INNER JOIN m_shinsa_target mst 
					ON mst.pass_holder_id = hgro.holder_id
			WHERE
				hgra.holder_grade_id IN (:holderGradeIdList:)

			UNION ALL

			SELECT
				mst.shinsa_target_id
				,mst.shinsa_target_name
			FROM
				m_holder_grade hgra 
				INNER JOIN m_grade_group ggr
					ON ggr.grade_group_id = hgra.grade_group_id
				INNER JOIN m_shinsa_target mst 
					ON mst.pass_grade_group_id = ggr.grade_id 
			WHERE
				hgra.holder_grade_id IN (:holderGradeIdList:)

        	ORDER BY shinsa_target_id ASC
		', [...])
 4 APPPATH\Models\ShinsaModel.php(874): App\Models\BaseQueryModel->get_result_array('
			SELECT
				mst.shinsa_target_id
				,mst.shinsa_target_name
			FROM
				m_holder_grade hgra 
				INNER JOIN m_holder_group hgro 
					ON hgro.holder_group_id = hgra.holder_group_id 
				INNER JOIN m_shinsa_target mst 
					ON mst.pass_holder_id = hgro.holder_id
			WHERE
				hgra.holder_grade_id IN (:holderGradeIdList:)

			UNION ALL

			SELECT
				mst.shinsa_target_id
				,mst.shinsa_target_name
			FROM
				m_holder_grade hgra 
				INNER JOIN m_grade_group ggr
					ON ggr.grade_group_id = hgra.grade_group_id
				INNER JOIN m_shinsa_target mst 
					ON mst.pass_grade_group_id = ggr.grade_id 
			WHERE
				hgra.holder_grade_id IN (:holderGradeIdList:)

        	ORDER BY shinsa_target_id ASC
		', [...])
 5 APPPATH\Libraries\ShinsaLibrarie.php(256): App\Models\ShinsaModel->get_shinsa_target_all_list('5,7')
 6 APPPATH\Controllers\Shinsa.php(110): App\Libraries\ShinsaLibrarie->get_shinsa_target_all_list([...])
 7 SYSTEMPATH\CodeIgniter.php(933): App\Controllers\Shinsa->detail('33')
 8 SYSTEMPATH\CodeIgniter.php(509): CodeIgniter\CodeIgniter->runController(Object(App\Controllers\Shinsa))
 9 SYSTEMPATH\CodeIgniter.php(355): CodeIgniter\CodeIgniter->handleRequest(null, Object(Config\Cache), false)
10 SYSTEMPATH\Boot.php(325): CodeIgniter\CodeIgniter->run()
11 SYSTEMPATH\Boot.php(67): CodeIgniter\Boot::runCodeIgniter(Object(CodeIgniter\CodeIgniter))
12 FCPATH\index.php(56): CodeIgniter\Boot::bootWeb(Object(Config\Paths))
CRITICAL - 2026-05-03 15:38:40 --> [Caused by] mysqli_sql_exception: MySQL server has gone away
in SYSTEMPATH\Database\MySQLi\Connection.php on line 312.
 1 SYSTEMPATH\Database\MySQLi\Connection.php(312): mysqli->query('
			SELECT
				mst.shinsa_target_id
				,mst.shinsa_target_name
			FROM
				m_holder_grade hgra 
				INNER JOIN m_holder_group hgro 
					ON hgro.holder_group_id = hgra.holder_group_id 
				INNER JOIN m_shinsa_target mst 
					ON mst.pass_holder_id = hgro.holder_id
			WHERE
				hgra.holder_grade_id IN (\'5,7\')

			UNION ALL

			SELECT
				mst.shinsa_target_id
				,mst.shinsa_target_name
			FROM
				m_holder_grade hgra 
				INNER JOIN m_grade_group ggr
					ON ggr.grade_group_id = hgra.grade_group_id
				INNER JOIN m_shinsa_target mst 
					ON mst.pass_grade_group_id = ggr.grade_id 
			WHERE
				hgra.holder_grade_id IN (\'5,7\')

        	ORDER BY shinsa_target_id ASC
		', 0)
 2 SYSTEMPATH\Database\BaseConnection.php(734): CodeIgniter\Database\MySQLi\Connection->execute('
			SELECT
				mst.shinsa_target_id
				,mst.shinsa_target_name
			FROM
				m_holder_grade hgra 
				INNER JOIN m_holder_group hgro 
					ON hgro.holder_group_id = hgra.holder_group_id 
				INNER JOIN m_shinsa_target mst 
					ON mst.pass_holder_id = hgro.holder_id
			WHERE
				hgra.holder_grade_id IN (\'5,7\')

			UNION ALL

			SELECT
				mst.shinsa_target_id
				,mst.shinsa_target_name
			FROM
				m_holder_grade hgra 
				INNER JOIN m_grade_group ggr
					ON ggr.grade_group_id = hgra.grade_group_id
				INNER JOIN m_shinsa_target mst 
					ON mst.pass_grade_group_id = ggr.grade_id 
			WHERE
				hgra.holder_grade_id IN (\'5,7\')

        	ORDER BY shinsa_target_id ASC
		')
 3 SYSTEMPATH\Database\BaseConnection.php(648): CodeIgniter\Database\BaseConnection->simpleQuery('
			SELECT
				mst.shinsa_target_id
				,mst.shinsa_target_name
			FROM
				m_holder_grade hgra 
				INNER JOIN m_holder_group hgro 
					ON hgro.holder_group_id = hgra.holder_group_id 
				INNER JOIN m_shinsa_target mst 
					ON mst.pass_holder_id = hgro.holder_id
			WHERE
				hgra.holder_grade_id IN (\'5,7\')

			UNION ALL

			SELECT
				mst.shinsa_target_id
				,mst.shinsa_target_name
			FROM
				m_holder_grade hgra 
				INNER JOIN m_grade_group ggr
					ON ggr.grade_group_id = hgra.grade_group_id
				INNER JOIN m_shinsa_target mst 
					ON mst.pass_grade_group_id = ggr.grade_id 
			WHERE
				hgra.holder_grade_id IN (\'5,7\')

        	ORDER BY shinsa_target_id ASC
		')
 4 APPPATH\Models\BaseQueryModel.php(75): CodeIgniter\Database\BaseConnection->query('
			SELECT
				mst.shinsa_target_id
				,mst.shinsa_target_name
			FROM
				m_holder_grade hgra 
				INNER JOIN m_holder_group hgro 
					ON hgro.holder_group_id = hgra.holder_group_id 
				INNER JOIN m_shinsa_target mst 
					ON mst.pass_holder_id = hgro.holder_id
			WHERE
				hgra.holder_grade_id IN (:holderGradeIdList:)

			UNION ALL

			SELECT
				mst.shinsa_target_id
				,mst.shinsa_target_name
			FROM
				m_holder_grade hgra 
				INNER JOIN m_grade_group ggr
					ON ggr.grade_group_id = hgra.grade_group_id
				INNER JOIN m_shinsa_target mst 
					ON mst.pass_grade_group_id = ggr.grade_id 
			WHERE
				hgra.holder_grade_id IN (:holderGradeIdList:)

        	ORDER BY shinsa_target_id ASC
		', [...])
 5 APPPATH\Models\ShinsaModel.php(874): App\Models\BaseQueryModel->get_result_array('
			SELECT
				mst.shinsa_target_id
				,mst.shinsa_target_name
			FROM
				m_holder_grade hgra 
				INNER JOIN m_holder_group hgro 
					ON hgro.holder_group_id = hgra.holder_group_id 
				INNER JOIN m_shinsa_target mst 
					ON mst.pass_holder_id = hgro.holder_id
			WHERE
				hgra.holder_grade_id IN (:holderGradeIdList:)

			UNION ALL

			SELECT
				mst.shinsa_target_id
				,mst.shinsa_target_name
			FROM
				m_holder_grade hgra 
				INNER JOIN m_grade_group ggr
					ON ggr.grade_group_id = hgra.grade_group_id
				INNER JOIN m_shinsa_target mst 
					ON mst.pass_grade_group_id = ggr.grade_id 
			WHERE
				hgra.holder_grade_id IN (:holderGradeIdList:)

        	ORDER BY shinsa_target_id ASC
		', [...])
 6 APPPATH\Libraries\ShinsaLibrarie.php(256): App\Models\ShinsaModel->get_shinsa_target_all_list('5,7')
 7 APPPATH\Controllers\Shinsa.php(110): App\Libraries\ShinsaLibrarie->get_shinsa_target_all_list([...])
 8 SYSTEMPATH\CodeIgniter.php(933): App\Controllers\Shinsa->detail('33')
 9 SYSTEMPATH\CodeIgniter.php(509): CodeIgniter\CodeIgniter->runController(Object(App\Controllers\Shinsa))
10 SYSTEMPATH\CodeIgniter.php(355): CodeIgniter\CodeIgniter->handleRequest(null, Object(Config\Cache), false)
11 SYSTEMPATH\Boot.php(325): CodeIgniter\CodeIgniter->run()
12 SYSTEMPATH\Boot.php(67): CodeIgniter\Boot::runCodeIgniter(Object(CodeIgniter\CodeIgniter))
13 FCPATH\index.php(56): CodeIgniter\Boot::bootWeb(Object(Config\Paths))
ERROR - 2026-05-03 15:55:11 --> mysqli_sql_exception: You have an error in your SQL syntax; check the manual that corresponds to your MariaDB server version for the right syntax to use near ':holderGradeIdList:)

			UNION ALL

			SELECT
				mst.shinsa_target_id
				,m...' at line 11 in C:\xampp_htdocs\kasugaikyudo\production\system\Database\MySQLi\Connection.php:312
Stack trace:
#0 C:\xampp_htdocs\kasugaikyudo\production\system\Database\MySQLi\Connection.php(312): mysqli->query('\n\t\t\tSELECT\n\t\t\t\t...', 0)
#1 C:\xampp_htdocs\kasugaikyudo\production\system\Database\BaseConnection.php(734): CodeIgniter\Database\MySQLi\Connection->execute('\n\t\t\tSELECT\n\t\t\t\t...')
#2 C:\xampp_htdocs\kasugaikyudo\production\system\Database\BaseConnection.php(648): CodeIgniter\Database\BaseConnection->simpleQuery('\n\t\t\tSELECT\n\t\t\t\t...')
#3 C:\xampp_htdocs\kasugaikyudo\production\app\Models\BaseQueryModel.php(75): CodeIgniter\Database\BaseConnection->query('\n\t\t\tSELECT\n\t\t\t\t...', Array)
#4 C:\xampp_htdocs\kasugaikyudo\production\app\Models\ShinsaModel.php(874): App\Models\BaseQueryModel->get_result_array('\n\t\t\tSELECT\n\t\t\t\t...', Array)
#5 C:\xampp_htdocs\kasugaikyudo\production\app\Libraries\ShinsaLibrarie.php(250): App\Models\ShinsaModel->get_shinsa_target_all_list(Array)
#6 C:\xampp_htdocs\kasugaikyudo\production\app\Controllers\Shinsa.php(110): App\Libraries\ShinsaLibrarie->get_shinsa_target_all_list(Array)
#7 C:\xampp_htdocs\kasugaikyudo\production\system\CodeIgniter.php(933): App\Controllers\Shinsa->detail('33')
#8 C:\xampp_htdocs\kasugaikyudo\production\system\CodeIgniter.php(509): CodeIgniter\CodeIgniter->runController(Object(App\Controllers\Shinsa))
#9 C:\xampp_htdocs\kasugaikyudo\production\system\CodeIgniter.php(355): CodeIgniter\CodeIgniter->handleRequest(NULL, Object(Config\Cache), false)
#10 C:\xampp_htdocs\kasugaikyudo\production\system\Boot.php(325): CodeIgniter\CodeIgniter->run()
#11 C:\xampp_htdocs\kasugaikyudo\production\system\Boot.php(67): CodeIgniter\Boot::runCodeIgniter(Object(CodeIgniter\CodeIgniter))
#12 C:\xampp_htdocs\kasugaikyudo\production\index.php(56): CodeIgniter\Boot::bootWeb(Object(Config\Paths))
#13 {main}
CRITICAL - 2026-05-03 15:55:11 --> CodeIgniter\Database\Exceptions\DatabaseException: You have an error in your SQL syntax; check the manual that corresponds to your MariaDB server version for the right syntax to use near ':holderGradeIdList:)

			UNION ALL

			SELECT
				mst.shinsa_target_id
				,m...' at line 11
[Method: GET, Route: shinsa/detail/33]
in SYSTEMPATH\Database\BaseConnection.php on line 688.
 1 APPPATH\Models\BaseQueryModel.php(75): CodeIgniter\Database\BaseConnection->query('
			SELECT
				mst.shinsa_target_id
				,mst.shinsa_target_name
			FROM
				m_holder_grade hgra 
				INNER JOIN m_holder_group hgro 
					ON hgro.holder_group_id = hgra.holder_group_id 
				INNER JOIN m_shinsa_target mst 
					ON mst.pass_holder_id = hgro.holder_id
			WHERE
				hgra.holder_grade_id IN (:holderGradeIdList:)

			UNION ALL

			SELECT
				mst.shinsa_target_id
				,mst.shinsa_target_name
			FROM
				m_holder_grade hgra 
				INNER JOIN m_grade_group ggr
					ON ggr.grade_group_id = hgra.grade_group_id
				INNER JOIN m_shinsa_target mst 
					ON mst.pass_grade_group_id = ggr.grade_id 
			WHERE
				hgra.holder_grade_id IN (:holderGradeIdList:)

        	ORDER BY shinsa_target_id ASC
		', [...])
 2 APPPATH\Models\ShinsaModel.php(874): App\Models\BaseQueryModel->get_result_array('
			SELECT
				mst.shinsa_target_id
				,mst.shinsa_target_name
			FROM
				m_holder_grade hgra 
				INNER JOIN m_holder_group hgro 
					ON hgro.holder_group_id = hgra.holder_group_id 
				INNER JOIN m_shinsa_target mst 
					ON mst.pass_holder_id = hgro.holder_id
			WHERE
				hgra.holder_grade_id IN (:holderGradeIdList:)

			UNION ALL

			SELECT
				mst.shinsa_target_id
				,mst.shinsa_target_name
			FROM
				m_holder_grade hgra 
				INNER JOIN m_grade_group ggr
					ON ggr.grade_group_id = hgra.grade_group_id
				INNER JOIN m_shinsa_target mst 
					ON mst.pass_grade_group_id = ggr.grade_id 
			WHERE
				hgra.holder_grade_id IN (:holderGradeIdList:)

        	ORDER BY shinsa_target_id ASC
		', [...])
 3 APPPATH\Libraries\ShinsaLibrarie.php(250): App\Models\ShinsaModel->get_shinsa_target_all_list([...])
 4 APPPATH\Controllers\Shinsa.php(110): App\Libraries\ShinsaLibrarie->get_shinsa_target_all_list([...])
 5 SYSTEMPATH\CodeIgniter.php(933): App\Controllers\Shinsa->detail('33')
 6 SYSTEMPATH\CodeIgniter.php(509): CodeIgniter\CodeIgniter->runController(Object(App\Controllers\Shinsa))
 7 SYSTEMPATH\CodeIgniter.php(355): CodeIgniter\CodeIgniter->handleRequest(null, Object(Config\Cache), false)
 8 SYSTEMPATH\Boot.php(325): CodeIgniter\CodeIgniter->run()
 9 SYSTEMPATH\Boot.php(67): CodeIgniter\Boot::runCodeIgniter(Object(CodeIgniter\CodeIgniter))
10 FCPATH\index.php(56): CodeIgniter\Boot::bootWeb(Object(Config\Paths))
CRITICAL - 2026-05-03 15:55:11 --> [Caused by] CodeIgniter\Database\Exceptions\DatabaseException: You have an error in your SQL syntax; check the manual that corresponds to your MariaDB server version for the right syntax to use near ':holderGradeIdList:)

			UNION ALL

			SELECT
				mst.shinsa_target_id
				,m...' at line 11
in SYSTEMPATH\Database\MySQLi\Connection.php on line 317.
 1 SYSTEMPATH\Database\BaseConnection.php(734): CodeIgniter\Database\MySQLi\Connection->execute('
			SELECT
				mst.shinsa_target_id
				,mst.shinsa_target_name
			FROM
				m_holder_grade hgra 
				INNER JOIN m_holder_group hgro 
					ON hgro.holder_group_id = hgra.holder_group_id 
				INNER JOIN m_shinsa_target mst 
					ON mst.pass_holder_id = hgro.holder_id
			WHERE
				hgra.holder_grade_id IN (:holderGradeIdList:)

			UNION ALL

			SELECT
				mst.shinsa_target_id
				,mst.shinsa_target_name
			FROM
				m_holder_grade hgra 
				INNER JOIN m_grade_group ggr
					ON ggr.grade_group_id = hgra.grade_group_id
				INNER JOIN m_shinsa_target mst 
					ON mst.pass_grade_group_id = ggr.grade_id 
			WHERE
				hgra.holder_grade_id IN (:holderGradeIdList:)

        	ORDER BY shinsa_target_id ASC
		')
 2 SYSTEMPATH\Database\BaseConnection.php(648): CodeIgniter\Database\BaseConnection->simpleQuery('
			SELECT
				mst.shinsa_target_id
				,mst.shinsa_target_name
			FROM
				m_holder_grade hgra 
				INNER JOIN m_holder_group hgro 
					ON hgro.holder_group_id = hgra.holder_group_id 
				INNER JOIN m_shinsa_target mst 
					ON mst.pass_holder_id = hgro.holder_id
			WHERE
				hgra.holder_grade_id IN (:holderGradeIdList:)

			UNION ALL

			SELECT
				mst.shinsa_target_id
				,mst.shinsa_target_name
			FROM
				m_holder_grade hgra 
				INNER JOIN m_grade_group ggr
					ON ggr.grade_group_id = hgra.grade_group_id
				INNER JOIN m_shinsa_target mst 
					ON mst.pass_grade_group_id = ggr.grade_id 
			WHERE
				hgra.holder_grade_id IN (:holderGradeIdList:)

        	ORDER BY shinsa_target_id ASC
		')
 3 APPPATH\Models\BaseQueryModel.php(75): CodeIgniter\Database\BaseConnection->query('
			SELECT
				mst.shinsa_target_id
				,mst.shinsa_target_name
			FROM
				m_holder_grade hgra 
				INNER JOIN m_holder_group hgro 
					ON hgro.holder_group_id = hgra.holder_group_id 
				INNER JOIN m_shinsa_target mst 
					ON mst.pass_holder_id = hgro.holder_id
			WHERE
				hgra.holder_grade_id IN (:holderGradeIdList:)

			UNION ALL

			SELECT
				mst.shinsa_target_id
				,mst.shinsa_target_name
			FROM
				m_holder_grade hgra 
				INNER JOIN m_grade_group ggr
					ON ggr.grade_group_id = hgra.grade_group_id
				INNER JOIN m_shinsa_target mst 
					ON mst.pass_grade_group_id = ggr.grade_id 
			WHERE
				hgra.holder_grade_id IN (:holderGradeIdList:)

        	ORDER BY shinsa_target_id ASC
		', [...])
 4 APPPATH\Models\ShinsaModel.php(874): App\Models\BaseQueryModel->get_result_array('
			SELECT
				mst.shinsa_target_id
				,mst.shinsa_target_name
			FROM
				m_holder_grade hgra 
				INNER JOIN m_holder_group hgro 
					ON hgro.holder_group_id = hgra.holder_group_id 
				INNER JOIN m_shinsa_target mst 
					ON mst.pass_holder_id = hgro.holder_id
			WHERE
				hgra.holder_grade_id IN (:holderGradeIdList:)

			UNION ALL

			SELECT
				mst.shinsa_target_id
				,mst.shinsa_target_name
			FROM
				m_holder_grade hgra 
				INNER JOIN m_grade_group ggr
					ON ggr.grade_group_id = hgra.grade_group_id
				INNER JOIN m_shinsa_target mst 
					ON mst.pass_grade_group_id = ggr.grade_id 
			WHERE
				hgra.holder_grade_id IN (:holderGradeIdList:)

        	ORDER BY shinsa_target_id ASC
		', [...])
 5 APPPATH\Libraries\ShinsaLibrarie.php(250): App\Models\ShinsaModel->get_shinsa_target_all_list([...])
 6 APPPATH\Controllers\Shinsa.php(110): App\Libraries\ShinsaLibrarie->get_shinsa_target_all_list([...])
 7 SYSTEMPATH\CodeIgniter.php(933): App\Controllers\Shinsa->detail('33')
 8 SYSTEMPATH\CodeIgniter.php(509): CodeIgniter\CodeIgniter->runController(Object(App\Controllers\Shinsa))
 9 SYSTEMPATH\CodeIgniter.php(355): CodeIgniter\CodeIgniter->handleRequest(null, Object(Config\Cache), false)
10 SYSTEMPATH\Boot.php(325): CodeIgniter\CodeIgniter->run()
11 SYSTEMPATH\Boot.php(67): CodeIgniter\Boot::runCodeIgniter(Object(CodeIgniter\CodeIgniter))
12 FCPATH\index.php(56): CodeIgniter\Boot::bootWeb(Object(Config\Paths))
CRITICAL - 2026-05-03 15:55:11 --> [Caused by] mysqli_sql_exception: You have an error in your SQL syntax; check the manual that corresponds to your MariaDB server version for the right syntax to use near ':holderGradeIdList:)

			UNION ALL

			SELECT
				mst.shinsa_target_id
				,m...' at line 11
in SYSTEMPATH\Database\MySQLi\Connection.php on line 312.
 1 SYSTEMPATH\Database\MySQLi\Connection.php(312): mysqli->query('
			SELECT
				mst.shinsa_target_id
				,mst.shinsa_target_name
			FROM
				m_holder_grade hgra 
				INNER JOIN m_holder_group hgro 
					ON hgro.holder_group_id = hgra.holder_group_id 
				INNER JOIN m_shinsa_target mst 
					ON mst.pass_holder_id = hgro.holder_id
			WHERE
				hgra.holder_grade_id IN (:holderGradeIdList:)

			UNION ALL

			SELECT
				mst.shinsa_target_id
				,mst.shinsa_target_name
			FROM
				m_holder_grade hgra 
				INNER JOIN m_grade_group ggr
					ON ggr.grade_group_id = hgra.grade_group_id
				INNER JOIN m_shinsa_target mst 
					ON mst.pass_grade_group_id = ggr.grade_id 
			WHERE
				hgra.holder_grade_id IN (:holderGradeIdList:)

        	ORDER BY shinsa_target_id ASC
		', 0)
 2 SYSTEMPATH\Database\BaseConnection.php(734): CodeIgniter\Database\MySQLi\Connection->execute('
			SELECT
				mst.shinsa_target_id
				,mst.shinsa_target_name
			FROM
				m_holder_grade hgra 
				INNER JOIN m_holder_group hgro 
					ON hgro.holder_group_id = hgra.holder_group_id 
				INNER JOIN m_shinsa_target mst 
					ON mst.pass_holder_id = hgro.holder_id
			WHERE
				hgra.holder_grade_id IN (:holderGradeIdList:)

			UNION ALL

			SELECT
				mst.shinsa_target_id
				,mst.shinsa_target_name
			FROM
				m_holder_grade hgra 
				INNER JOIN m_grade_group ggr
					ON ggr.grade_group_id = hgra.grade_group_id
				INNER JOIN m_shinsa_target mst 
					ON mst.pass_grade_group_id = ggr.grade_id 
			WHERE
				hgra.holder_grade_id IN (:holderGradeIdList:)

        	ORDER BY shinsa_target_id ASC
		')
 3 SYSTEMPATH\Database\BaseConnection.php(648): CodeIgniter\Database\BaseConnection->simpleQuery('
			SELECT
				mst.shinsa_target_id
				,mst.shinsa_target_name
			FROM
				m_holder_grade hgra 
				INNER JOIN m_holder_group hgro 
					ON hgro.holder_group_id = hgra.holder_group_id 
				INNER JOIN m_shinsa_target mst 
					ON mst.pass_holder_id = hgro.holder_id
			WHERE
				hgra.holder_grade_id IN (:holderGradeIdList:)

			UNION ALL

			SELECT
				mst.shinsa_target_id
				,mst.shinsa_target_name
			FROM
				m_holder_grade hgra 
				INNER JOIN m_grade_group ggr
					ON ggr.grade_group_id = hgra.grade_group_id
				INNER JOIN m_shinsa_target mst 
					ON mst.pass_grade_group_id = ggr.grade_id 
			WHERE
				hgra.holder_grade_id IN (:holderGradeIdList:)

        	ORDER BY shinsa_target_id ASC
		')
 4 APPPATH\Models\BaseQueryModel.php(75): CodeIgniter\Database\BaseConnection->query('
			SELECT
				mst.shinsa_target_id
				,mst.shinsa_target_name
			FROM
				m_holder_grade hgra 
				INNER JOIN m_holder_group hgro 
					ON hgro.holder_group_id = hgra.holder_group_id 
				INNER JOIN m_shinsa_target mst 
					ON mst.pass_holder_id = hgro.holder_id
			WHERE
				hgra.holder_grade_id IN (:holderGradeIdList:)

			UNION ALL

			SELECT
				mst.shinsa_target_id
				,mst.shinsa_target_name
			FROM
				m_holder_grade hgra 
				INNER JOIN m_grade_group ggr
					ON ggr.grade_group_id = hgra.grade_group_id
				INNER JOIN m_shinsa_target mst 
					ON mst.pass_grade_group_id = ggr.grade_id 
			WHERE
				hgra.holder_grade_id IN (:holderGradeIdList:)

        	ORDER BY shinsa_target_id ASC
		', [...])
 5 APPPATH\Models\ShinsaModel.php(874): App\Models\BaseQueryModel->get_result_array('
			SELECT
				mst.shinsa_target_id
				,mst.shinsa_target_name
			FROM
				m_holder_grade hgra 
				INNER JOIN m_holder_group hgro 
					ON hgro.holder_group_id = hgra.holder_group_id 
				INNER JOIN m_shinsa_target mst 
					ON mst.pass_holder_id = hgro.holder_id
			WHERE
				hgra.holder_grade_id IN (:holderGradeIdList:)

			UNION ALL

			SELECT
				mst.shinsa_target_id
				,mst.shinsa_target_name
			FROM
				m_holder_grade hgra 
				INNER JOIN m_grade_group ggr
					ON ggr.grade_group_id = hgra.grade_group_id
				INNER JOIN m_shinsa_target mst 
					ON mst.pass_grade_group_id = ggr.grade_id 
			WHERE
				hgra.holder_grade_id IN (:holderGradeIdList:)

        	ORDER BY shinsa_target_id ASC
		', [...])
 6 APPPATH\Libraries\ShinsaLibrarie.php(250): App\Models\ShinsaModel->get_shinsa_target_all_list([...])
 7 APPPATH\Controllers\Shinsa.php(110): App\Libraries\ShinsaLibrarie->get_shinsa_target_all_list([...])
 8 SYSTEMPATH\CodeIgniter.php(933): App\Controllers\Shinsa->detail('33')
 9 SYSTEMPATH\CodeIgniter.php(509): CodeIgniter\CodeIgniter->runController(Object(App\Controllers\Shinsa))
10 SYSTEMPATH\CodeIgniter.php(355): CodeIgniter\CodeIgniter->handleRequest(null, Object(Config\Cache), false)
11 SYSTEMPATH\Boot.php(325): CodeIgniter\CodeIgniter->run()
12 SYSTEMPATH\Boot.php(67): CodeIgniter\Boot::runCodeIgniter(Object(CodeIgniter\CodeIgniter))
13 FCPATH\index.php(56): CodeIgniter\Boot::bootWeb(Object(Config\Paths))
ERROR - 2026-05-03 15:55:36 --> mysqli_sql_exception: Illegal parameter data types int and row for operation '=' in C:\xampp_htdocs\kasugaikyudo\production\system\Database\MySQLi\Connection.php:312
Stack trace:
#0 C:\xampp_htdocs\kasugaikyudo\production\system\Database\MySQLi\Connection.php(312): mysqli->query('\n\t\t\tSELECT\n\t\t\t\t...', 0)
#1 C:\xampp_htdocs\kasugaikyudo\production\system\Database\BaseConnection.php(734): CodeIgniter\Database\MySQLi\Connection->execute('\n\t\t\tSELECT\n\t\t\t\t...')
#2 C:\xampp_htdocs\kasugaikyudo\production\system\Database\BaseConnection.php(648): CodeIgniter\Database\BaseConnection->simpleQuery('\n\t\t\tSELECT\n\t\t\t\t...')
#3 C:\xampp_htdocs\kasugaikyudo\production\app\Models\BaseQueryModel.php(75): CodeIgniter\Database\BaseConnection->query('\n\t\t\tSELECT\n\t\t\t\t...', Array)
#4 C:\xampp_htdocs\kasugaikyudo\production\app\Models\ShinsaModel.php(874): App\Models\BaseQueryModel->get_result_array('\n\t\t\tSELECT\n\t\t\t\t...', Array)
#5 C:\xampp_htdocs\kasugaikyudo\production\app\Libraries\ShinsaLibrarie.php(250): App\Models\ShinsaModel->get_shinsa_target_all_list(Array)
#6 C:\xampp_htdocs\kasugaikyudo\production\app\Controllers\Shinsa.php(110): App\Libraries\ShinsaLibrarie->get_shinsa_target_all_list(Array)
#7 C:\xampp_htdocs\kasugaikyudo\production\system\CodeIgniter.php(933): App\Controllers\Shinsa->detail('33')
#8 C:\xampp_htdocs\kasugaikyudo\production\system\CodeIgniter.php(509): CodeIgniter\CodeIgniter->runController(Object(App\Controllers\Shinsa))
#9 C:\xampp_htdocs\kasugaikyudo\production\system\CodeIgniter.php(355): CodeIgniter\CodeIgniter->handleRequest(NULL, Object(Config\Cache), false)
#10 C:\xampp_htdocs\kasugaikyudo\production\system\Boot.php(325): CodeIgniter\CodeIgniter->run()
#11 C:\xampp_htdocs\kasugaikyudo\production\system\Boot.php(67): CodeIgniter\Boot::runCodeIgniter(Object(CodeIgniter\CodeIgniter))
#12 C:\xampp_htdocs\kasugaikyudo\production\index.php(56): CodeIgniter\Boot::bootWeb(Object(Config\Paths))
#13 {main}
CRITICAL - 2026-05-03 15:55:36 --> CodeIgniter\Database\Exceptions\DatabaseException: Illegal parameter data types int and row for operation '='
[Method: GET, Route: shinsa/detail/33]
in SYSTEMPATH\Database\BaseConnection.php on line 688.
 1 APPPATH\Models\BaseQueryModel.php(75): CodeIgniter\Database\BaseConnection->query('
			SELECT
				mst.shinsa_target_id
				,mst.shinsa_target_name
			FROM
				m_holder_grade hgra 
				INNER JOIN m_holder_group hgro 
					ON hgro.holder_group_id = hgra.holder_group_id 
				INNER JOIN m_shinsa_target mst 
					ON mst.pass_holder_id = hgro.holder_id
			WHERE
				hgra.holder_grade_id IN (:holderGradeIdList:)

			UNION ALL

			SELECT
				mst.shinsa_target_id
				,mst.shinsa_target_name
			FROM
				m_holder_grade hgra 
				INNER JOIN m_grade_group ggr
					ON ggr.grade_group_id = hgra.grade_group_id
				INNER JOIN m_shinsa_target mst 
					ON mst.pass_grade_group_id = ggr.grade_id 
			WHERE
				hgra.holder_grade_id IN (:holderGradeIdList:)

        	ORDER BY shinsa_target_id ASC
		', [...])
 2 APPPATH\Models\ShinsaModel.php(874): App\Models\BaseQueryModel->get_result_array('
			SELECT
				mst.shinsa_target_id
				,mst.shinsa_target_name
			FROM
				m_holder_grade hgra 
				INNER JOIN m_holder_group hgro 
					ON hgro.holder_group_id = hgra.holder_group_id 
				INNER JOIN m_shinsa_target mst 
					ON mst.pass_holder_id = hgro.holder_id
			WHERE
				hgra.holder_grade_id IN (:holderGradeIdList:)

			UNION ALL

			SELECT
				mst.shinsa_target_id
				,mst.shinsa_target_name
			FROM
				m_holder_grade hgra 
				INNER JOIN m_grade_group ggr
					ON ggr.grade_group_id = hgra.grade_group_id
				INNER JOIN m_shinsa_target mst 
					ON mst.pass_grade_group_id = ggr.grade_id 
			WHERE
				hgra.holder_grade_id IN (:holderGradeIdList:)

        	ORDER BY shinsa_target_id ASC
		', [...])
 3 APPPATH\Libraries\ShinsaLibrarie.php(250): App\Models\ShinsaModel->get_shinsa_target_all_list([...])
 4 APPPATH\Controllers\Shinsa.php(110): App\Libraries\ShinsaLibrarie->get_shinsa_target_all_list([...])
 5 SYSTEMPATH\CodeIgniter.php(933): App\Controllers\Shinsa->detail('33')
 6 SYSTEMPATH\CodeIgniter.php(509): CodeIgniter\CodeIgniter->runController(Object(App\Controllers\Shinsa))
 7 SYSTEMPATH\CodeIgniter.php(355): CodeIgniter\CodeIgniter->handleRequest(null, Object(Config\Cache), false)
 8 SYSTEMPATH\Boot.php(325): CodeIgniter\CodeIgniter->run()
 9 SYSTEMPATH\Boot.php(67): CodeIgniter\Boot::runCodeIgniter(Object(CodeIgniter\CodeIgniter))
10 FCPATH\index.php(56): CodeIgniter\Boot::bootWeb(Object(Config\Paths))
CRITICAL - 2026-05-03 15:55:36 --> [Caused by] CodeIgniter\Database\Exceptions\DatabaseException: Illegal parameter data types int and row for operation '='
in SYSTEMPATH\Database\MySQLi\Connection.php on line 317.
 1 SYSTEMPATH\Database\BaseConnection.php(734): CodeIgniter\Database\MySQLi\Connection->execute('
			SELECT
				mst.shinsa_target_id
				,mst.shinsa_target_name
			FROM
				m_holder_grade hgra 
				INNER JOIN m_holder_group hgro 
					ON hgro.holder_group_id = hgra.holder_group_id 
				INNER JOIN m_shinsa_target mst 
					ON mst.pass_holder_id = hgro.holder_id
			WHERE
				hgra.holder_grade_id IN ((\'5\',\'7\'))

			UNION ALL

			SELECT
				mst.shinsa_target_id
				,mst.shinsa_target_name
			FROM
				m_holder_grade hgra 
				INNER JOIN m_grade_group ggr
					ON ggr.grade_group_id = hgra.grade_group_id
				INNER JOIN m_shinsa_target mst 
					ON mst.pass_grade_group_id = ggr.grade_id 
			WHERE
				hgra.holder_grade_id IN ((\'5\',\'7\'))

        	ORDER BY shinsa_target_id ASC
		')
 2 SYSTEMPATH\Database\BaseConnection.php(648): CodeIgniter\Database\BaseConnection->simpleQuery('
			SELECT
				mst.shinsa_target_id
				,mst.shinsa_target_name
			FROM
				m_holder_grade hgra 
				INNER JOIN m_holder_group hgro 
					ON hgro.holder_group_id = hgra.holder_group_id 
				INNER JOIN m_shinsa_target mst 
					ON mst.pass_holder_id = hgro.holder_id
			WHERE
				hgra.holder_grade_id IN ((\'5\',\'7\'))

			UNION ALL

			SELECT
				mst.shinsa_target_id
				,mst.shinsa_target_name
			FROM
				m_holder_grade hgra 
				INNER JOIN m_grade_group ggr
					ON ggr.grade_group_id = hgra.grade_group_id
				INNER JOIN m_shinsa_target mst 
					ON mst.pass_grade_group_id = ggr.grade_id 
			WHERE
				hgra.holder_grade_id IN ((\'5\',\'7\'))

        	ORDER BY shinsa_target_id ASC
		')
 3 APPPATH\Models\BaseQueryModel.php(75): CodeIgniter\Database\BaseConnection->query('
			SELECT
				mst.shinsa_target_id
				,mst.shinsa_target_name
			FROM
				m_holder_grade hgra 
				INNER JOIN m_holder_group hgro 
					ON hgro.holder_group_id = hgra.holder_group_id 
				INNER JOIN m_shinsa_target mst 
					ON mst.pass_holder_id = hgro.holder_id
			WHERE
				hgra.holder_grade_id IN (:holderGradeIdList:)

			UNION ALL

			SELECT
				mst.shinsa_target_id
				,mst.shinsa_target_name
			FROM
				m_holder_grade hgra 
				INNER JOIN m_grade_group ggr
					ON ggr.grade_group_id = hgra.grade_group_id
				INNER JOIN m_shinsa_target mst 
					ON mst.pass_grade_group_id = ggr.grade_id 
			WHERE
				hgra.holder_grade_id IN (:holderGradeIdList:)

        	ORDER BY shinsa_target_id ASC
		', [...])
 4 APPPATH\Models\ShinsaModel.php(874): App\Models\BaseQueryModel->get_result_array('
			SELECT
				mst.shinsa_target_id
				,mst.shinsa_target_name
			FROM
				m_holder_grade hgra 
				INNER JOIN m_holder_group hgro 
					ON hgro.holder_group_id = hgra.holder_group_id 
				INNER JOIN m_shinsa_target mst 
					ON mst.pass_holder_id = hgro.holder_id
			WHERE
				hgra.holder_grade_id IN (:holderGradeIdList:)

			UNION ALL

			SELECT
				mst.shinsa_target_id
				,mst.shinsa_target_name
			FROM
				m_holder_grade hgra 
				INNER JOIN m_grade_group ggr
					ON ggr.grade_group_id = hgra.grade_group_id
				INNER JOIN m_shinsa_target mst 
					ON mst.pass_grade_group_id = ggr.grade_id 
			WHERE
				hgra.holder_grade_id IN (:holderGradeIdList:)

        	ORDER BY shinsa_target_id ASC
		', [...])
 5 APPPATH\Libraries\ShinsaLibrarie.php(250): App\Models\ShinsaModel->get_shinsa_target_all_list([...])
 6 APPPATH\Controllers\Shinsa.php(110): App\Libraries\ShinsaLibrarie->get_shinsa_target_all_list([...])
 7 SYSTEMPATH\CodeIgniter.php(933): App\Controllers\Shinsa->detail('33')
 8 SYSTEMPATH\CodeIgniter.php(509): CodeIgniter\CodeIgniter->runController(Object(App\Controllers\Shinsa))
 9 SYSTEMPATH\CodeIgniter.php(355): CodeIgniter\CodeIgniter->handleRequest(null, Object(Config\Cache), false)
10 SYSTEMPATH\Boot.php(325): CodeIgniter\CodeIgniter->run()
11 SYSTEMPATH\Boot.php(67): CodeIgniter\Boot::runCodeIgniter(Object(CodeIgniter\CodeIgniter))
12 FCPATH\index.php(56): CodeIgniter\Boot::bootWeb(Object(Config\Paths))
CRITICAL - 2026-05-03 15:55:36 --> [Caused by] mysqli_sql_exception: Illegal parameter data types int and row for operation '='
in SYSTEMPATH\Database\MySQLi\Connection.php on line 312.
 1 SYSTEMPATH\Database\MySQLi\Connection.php(312): mysqli->query('
			SELECT
				mst.shinsa_target_id
				,mst.shinsa_target_name
			FROM
				m_holder_grade hgra 
				INNER JOIN m_holder_group hgro 
					ON hgro.holder_group_id = hgra.holder_group_id 
				INNER JOIN m_shinsa_target mst 
					ON mst.pass_holder_id = hgro.holder_id
			WHERE
				hgra.holder_grade_id IN ((\'5\',\'7\'))

			UNION ALL

			SELECT
				mst.shinsa_target_id
				,mst.shinsa_target_name
			FROM
				m_holder_grade hgra 
				INNER JOIN m_grade_group ggr
					ON ggr.grade_group_id = hgra.grade_group_id
				INNER JOIN m_shinsa_target mst 
					ON mst.pass_grade_group_id = ggr.grade_id 
			WHERE
				hgra.holder_grade_id IN ((\'5\',\'7\'))

        	ORDER BY shinsa_target_id ASC
		', 0)
 2 SYSTEMPATH\Database\BaseConnection.php(734): CodeIgniter\Database\MySQLi\Connection->execute('
			SELECT
				mst.shinsa_target_id
				,mst.shinsa_target_name
			FROM
				m_holder_grade hgra 
				INNER JOIN m_holder_group hgro 
					ON hgro.holder_group_id = hgra.holder_group_id 
				INNER JOIN m_shinsa_target mst 
					ON mst.pass_holder_id = hgro.holder_id
			WHERE
				hgra.holder_grade_id IN ((\'5\',\'7\'))

			UNION ALL

			SELECT
				mst.shinsa_target_id
				,mst.shinsa_target_name
			FROM
				m_holder_grade hgra 
				INNER JOIN m_grade_group ggr
					ON ggr.grade_group_id = hgra.grade_group_id
				INNER JOIN m_shinsa_target mst 
					ON mst.pass_grade_group_id = ggr.grade_id 
			WHERE
				hgra.holder_grade_id IN ((\'5\',\'7\'))

        	ORDER BY shinsa_target_id ASC
		')
 3 SYSTEMPATH\Database\BaseConnection.php(648): CodeIgniter\Database\BaseConnection->simpleQuery('
			SELECT
				mst.shinsa_target_id
				,mst.shinsa_target_name
			FROM
				m_holder_grade hgra 
				INNER JOIN m_holder_group hgro 
					ON hgro.holder_group_id = hgra.holder_group_id 
				INNER JOIN m_shinsa_target mst 
					ON mst.pass_holder_id = hgro.holder_id
			WHERE
				hgra.holder_grade_id IN ((\'5\',\'7\'))

			UNION ALL

			SELECT
				mst.shinsa_target_id
				,mst.shinsa_target_name
			FROM
				m_holder_grade hgra 
				INNER JOIN m_grade_group ggr
					ON ggr.grade_group_id = hgra.grade_group_id
				INNER JOIN m_shinsa_target mst 
					ON mst.pass_grade_group_id = ggr.grade_id 
			WHERE
				hgra.holder_grade_id IN ((\'5\',\'7\'))

        	ORDER BY shinsa_target_id ASC
		')
 4 APPPATH\Models\BaseQueryModel.php(75): CodeIgniter\Database\BaseConnection->query('
			SELECT
				mst.shinsa_target_id
				,mst.shinsa_target_name
			FROM
				m_holder_grade hgra 
				INNER JOIN m_holder_group hgro 
					ON hgro.holder_group_id = hgra.holder_group_id 
				INNER JOIN m_shinsa_target mst 
					ON mst.pass_holder_id = hgro.holder_id
			WHERE
				hgra.holder_grade_id IN (:holderGradeIdList:)

			UNION ALL

			SELECT
				mst.shinsa_target_id
				,mst.shinsa_target_name
			FROM
				m_holder_grade hgra 
				INNER JOIN m_grade_group ggr
					ON ggr.grade_group_id = hgra.grade_group_id
				INNER JOIN m_shinsa_target mst 
					ON mst.pass_grade_group_id = ggr.grade_id 
			WHERE
				hgra.holder_grade_id IN (:holderGradeIdList:)

        	ORDER BY shinsa_target_id ASC
		', [...])
 5 APPPATH\Models\ShinsaModel.php(874): App\Models\BaseQueryModel->get_result_array('
			SELECT
				mst.shinsa_target_id
				,mst.shinsa_target_name
			FROM
				m_holder_grade hgra 
				INNER JOIN m_holder_group hgro 
					ON hgro.holder_group_id = hgra.holder_group_id 
				INNER JOIN m_shinsa_target mst 
					ON mst.pass_holder_id = hgro.holder_id
			WHERE
				hgra.holder_grade_id IN (:holderGradeIdList:)

			UNION ALL

			SELECT
				mst.shinsa_target_id
				,mst.shinsa_target_name
			FROM
				m_holder_grade hgra 
				INNER JOIN m_grade_group ggr
					ON ggr.grade_group_id = hgra.grade_group_id
				INNER JOIN m_shinsa_target mst 
					ON mst.pass_grade_group_id = ggr.grade_id 
			WHERE
				hgra.holder_grade_id IN (:holderGradeIdList:)

        	ORDER BY shinsa_target_id ASC
		', [...])
 6 APPPATH\Libraries\ShinsaLibrarie.php(250): App\Models\ShinsaModel->get_shinsa_target_all_list([...])
 7 APPPATH\Controllers\Shinsa.php(110): App\Libraries\ShinsaLibrarie->get_shinsa_target_all_list([...])
 8 SYSTEMPATH\CodeIgniter.php(933): App\Controllers\Shinsa->detail('33')
 9 SYSTEMPATH\CodeIgniter.php(509): CodeIgniter\CodeIgniter->runController(Object(App\Controllers\Shinsa))
10 SYSTEMPATH\CodeIgniter.php(355): CodeIgniter\CodeIgniter->handleRequest(null, Object(Config\Cache), false)
11 SYSTEMPATH\Boot.php(325): CodeIgniter\CodeIgniter->run()
12 SYSTEMPATH\Boot.php(67): CodeIgniter\Boot::runCodeIgniter(Object(CodeIgniter\CodeIgniter))
13 FCPATH\index.php(56): CodeIgniter\Boot::bootWeb(Object(Config\Paths))
ERROR - 2026-05-03 15:58:28 --> mysqli_sql_exception: Illegal parameter data types int and row for operation '=' in C:\xampp_htdocs\kasugaikyudo\production\system\Database\MySQLi\Connection.php:312
Stack trace:
#0 C:\xampp_htdocs\kasugaikyudo\production\system\Database\MySQLi\Connection.php(312): mysqli->query('\n\t\t\tSELECT\n\t\t\t\t...', 0)
#1 C:\xampp_htdocs\kasugaikyudo\production\system\Database\BaseConnection.php(734): CodeIgniter\Database\MySQLi\Connection->execute('\n\t\t\tSELECT\n\t\t\t\t...')
#2 C:\xampp_htdocs\kasugaikyudo\production\system\Database\BaseConnection.php(648): CodeIgniter\Database\BaseConnection->simpleQuery('\n\t\t\tSELECT\n\t\t\t\t...')
#3 C:\xampp_htdocs\kasugaikyudo\production\app\Models\BaseQueryModel.php(75): CodeIgniter\Database\BaseConnection->query('\n\t\t\tSELECT\n\t\t\t\t...', Array)
#4 C:\xampp_htdocs\kasugaikyudo\production\app\Models\ShinsaModel.php(874): App\Models\BaseQueryModel->get_result_array('\n\t\t\tSELECT\n\t\t\t\t...', Array)
#5 C:\xampp_htdocs\kasugaikyudo\production\app\Libraries\ShinsaLibrarie.php(250): App\Models\ShinsaModel->get_shinsa_target_all_list(Array)
#6 C:\xampp_htdocs\kasugaikyudo\production\app\Controllers\Shinsa.php(110): App\Libraries\ShinsaLibrarie->get_shinsa_target_all_list(Array)
#7 C:\xampp_htdocs\kasugaikyudo\production\system\CodeIgniter.php(933): App\Controllers\Shinsa->detail('33')
#8 C:\xampp_htdocs\kasugaikyudo\production\system\CodeIgniter.php(509): CodeIgniter\CodeIgniter->runController(Object(App\Controllers\Shinsa))
#9 C:\xampp_htdocs\kasugaikyudo\production\system\CodeIgniter.php(355): CodeIgniter\CodeIgniter->handleRequest(NULL, Object(Config\Cache), false)
#10 C:\xampp_htdocs\kasugaikyudo\production\system\Boot.php(325): CodeIgniter\CodeIgniter->run()
#11 C:\xampp_htdocs\kasugaikyudo\production\system\Boot.php(67): CodeIgniter\Boot::runCodeIgniter(Object(CodeIgniter\CodeIgniter))
#12 C:\xampp_htdocs\kasugaikyudo\production\index.php(56): CodeIgniter\Boot::bootWeb(Object(Config\Paths))
#13 {main}
CRITICAL - 2026-05-03 15:58:28 --> CodeIgniter\Database\Exceptions\DatabaseException: Illegal parameter data types int and row for operation '='
[Method: GET, Route: shinsa/detail/33]
in SYSTEMPATH\Database\BaseConnection.php on line 688.
 1 APPPATH\Models\BaseQueryModel.php(75): CodeIgniter\Database\BaseConnection->query('
			SELECT
				mst.shinsa_target_id
				,mst.shinsa_target_name
			FROM
				m_holder_grade hgra 
				INNER JOIN m_holder_group hgro 
					ON hgro.holder_group_id = hgra.holder_group_id 
				INNER JOIN m_shinsa_target mst 
					ON mst.pass_holder_id = hgro.holder_id
			WHERE
				hgra.holder_grade_id IN (:holderGradeIdList:)

			UNION ALL

			SELECT
				mst.shinsa_target_id
				,mst.shinsa_target_name
			FROM
				m_holder_grade hgra 
				INNER JOIN m_grade_group ggr
					ON ggr.grade_group_id = hgra.grade_group_id
				INNER JOIN m_shinsa_target mst 
					ON mst.pass_grade_group_id = ggr.grade_id 
			WHERE
				hgra.holder_grade_id IN (:holderGradeIdList:)

        	ORDER BY shinsa_target_id ASC
		', [...])
 2 APPPATH\Models\ShinsaModel.php(874): App\Models\BaseQueryModel->get_result_array('
			SELECT
				mst.shinsa_target_id
				,mst.shinsa_target_name
			FROM
				m_holder_grade hgra 
				INNER JOIN m_holder_group hgro 
					ON hgro.holder_group_id = hgra.holder_group_id 
				INNER JOIN m_shinsa_target mst 
					ON mst.pass_holder_id = hgro.holder_id
			WHERE
				hgra.holder_grade_id IN (:holderGradeIdList:)

			UNION ALL

			SELECT
				mst.shinsa_target_id
				,mst.shinsa_target_name
			FROM
				m_holder_grade hgra 
				INNER JOIN m_grade_group ggr
					ON ggr.grade_group_id = hgra.grade_group_id
				INNER JOIN m_shinsa_target mst 
					ON mst.pass_grade_group_id = ggr.grade_id 
			WHERE
				hgra.holder_grade_id IN (:holderGradeIdList:)

        	ORDER BY shinsa_target_id ASC
		', [...])
 3 APPPATH\Libraries\ShinsaLibrarie.php(250): App\Models\ShinsaModel->get_shinsa_target_all_list([...])
 4 APPPATH\Controllers\Shinsa.php(110): App\Libraries\ShinsaLibrarie->get_shinsa_target_all_list([...])
 5 SYSTEMPATH\CodeIgniter.php(933): App\Controllers\Shinsa->detail('33')
 6 SYSTEMPATH\CodeIgniter.php(509): CodeIgniter\CodeIgniter->runController(Object(App\Controllers\Shinsa))
 7 SYSTEMPATH\CodeIgniter.php(355): CodeIgniter\CodeIgniter->handleRequest(null, Object(Config\Cache), false)
 8 SYSTEMPATH\Boot.php(325): CodeIgniter\CodeIgniter->run()
 9 SYSTEMPATH\Boot.php(67): CodeIgniter\Boot::runCodeIgniter(Object(CodeIgniter\CodeIgniter))
10 FCPATH\index.php(56): CodeIgniter\Boot::bootWeb(Object(Config\Paths))
CRITICAL - 2026-05-03 15:58:28 --> [Caused by] CodeIgniter\Database\Exceptions\DatabaseException: Illegal parameter data types int and row for operation '='
in SYSTEMPATH\Database\MySQLi\Connection.php on line 317.
 1 SYSTEMPATH\Database\BaseConnection.php(734): CodeIgniter\Database\MySQLi\Connection->execute('
			SELECT
				mst.shinsa_target_id
				,mst.shinsa_target_name
			FROM
				m_holder_grade hgra 
				INNER JOIN m_holder_group hgro 
					ON hgro.holder_group_id = hgra.holder_group_id 
				INNER JOIN m_shinsa_target mst 
					ON mst.pass_holder_id = hgro.holder_id
			WHERE
				hgra.holder_grade_id IN ((\'5\',\'7\'))

			UNION ALL

			SELECT
				mst.shinsa_target_id
				,mst.shinsa_target_name
			FROM
				m_holder_grade hgra 
				INNER JOIN m_grade_group ggr
					ON ggr.grade_group_id = hgra.grade_group_id
				INNER JOIN m_shinsa_target mst 
					ON mst.pass_grade_group_id = ggr.grade_id 
			WHERE
				hgra.holder_grade_id IN ((\'5\',\'7\'))

        	ORDER BY shinsa_target_id ASC
		')
 2 SYSTEMPATH\Database\BaseConnection.php(648): CodeIgniter\Database\BaseConnection->simpleQuery('
			SELECT
				mst.shinsa_target_id
				,mst.shinsa_target_name
			FROM
				m_holder_grade hgra 
				INNER JOIN m_holder_group hgro 
					ON hgro.holder_group_id = hgra.holder_group_id 
				INNER JOIN m_shinsa_target mst 
					ON mst.pass_holder_id = hgro.holder_id
			WHERE
				hgra.holder_grade_id IN ((\'5\',\'7\'))

			UNION ALL

			SELECT
				mst.shinsa_target_id
				,mst.shinsa_target_name
			FROM
				m_holder_grade hgra 
				INNER JOIN m_grade_group ggr
					ON ggr.grade_group_id = hgra.grade_group_id
				INNER JOIN m_shinsa_target mst 
					ON mst.pass_grade_group_id = ggr.grade_id 
			WHERE
				hgra.holder_grade_id IN ((\'5\',\'7\'))

        	ORDER BY shinsa_target_id ASC
		')
 3 APPPATH\Models\BaseQueryModel.php(75): CodeIgniter\Database\BaseConnection->query('
			SELECT
				mst.shinsa_target_id
				,mst.shinsa_target_name
			FROM
				m_holder_grade hgra 
				INNER JOIN m_holder_group hgro 
					ON hgro.holder_group_id = hgra.holder_group_id 
				INNER JOIN m_shinsa_target mst 
					ON mst.pass_holder_id = hgro.holder_id
			WHERE
				hgra.holder_grade_id IN (:holderGradeIdList:)

			UNION ALL

			SELECT
				mst.shinsa_target_id
				,mst.shinsa_target_name
			FROM
				m_holder_grade hgra 
				INNER JOIN m_grade_group ggr
					ON ggr.grade_group_id = hgra.grade_group_id
				INNER JOIN m_shinsa_target mst 
					ON mst.pass_grade_group_id = ggr.grade_id 
			WHERE
				hgra.holder_grade_id IN (:holderGradeIdList:)

        	ORDER BY shinsa_target_id ASC
		', [...])
 4 APPPATH\Models\ShinsaModel.php(874): App\Models\BaseQueryModel->get_result_array('
			SELECT
				mst.shinsa_target_id
				,mst.shinsa_target_name
			FROM
				m_holder_grade hgra 
				INNER JOIN m_holder_group hgro 
					ON hgro.holder_group_id = hgra.holder_group_id 
				INNER JOIN m_shinsa_target mst 
					ON mst.pass_holder_id = hgro.holder_id
			WHERE
				hgra.holder_grade_id IN (:holderGradeIdList:)

			UNION ALL

			SELECT
				mst.shinsa_target_id
				,mst.shinsa_target_name
			FROM
				m_holder_grade hgra 
				INNER JOIN m_grade_group ggr
					ON ggr.grade_group_id = hgra.grade_group_id
				INNER JOIN m_shinsa_target mst 
					ON mst.pass_grade_group_id = ggr.grade_id 
			WHERE
				hgra.holder_grade_id IN (:holderGradeIdList:)

        	ORDER BY shinsa_target_id ASC
		', [...])
 5 APPPATH\Libraries\ShinsaLibrarie.php(250): App\Models\ShinsaModel->get_shinsa_target_all_list([...])
 6 APPPATH\Controllers\Shinsa.php(110): App\Libraries\ShinsaLibrarie->get_shinsa_target_all_list([...])
 7 SYSTEMPATH\CodeIgniter.php(933): App\Controllers\Shinsa->detail('33')
 8 SYSTEMPATH\CodeIgniter.php(509): CodeIgniter\CodeIgniter->runController(Object(App\Controllers\Shinsa))
 9 SYSTEMPATH\CodeIgniter.php(355): CodeIgniter\CodeIgniter->handleRequest(null, Object(Config\Cache), false)
10 SYSTEMPATH\Boot.php(325): CodeIgniter\CodeIgniter->run()
11 SYSTEMPATH\Boot.php(67): CodeIgniter\Boot::runCodeIgniter(Object(CodeIgniter\CodeIgniter))
12 FCPATH\index.php(56): CodeIgniter\Boot::bootWeb(Object(Config\Paths))
CRITICAL - 2026-05-03 15:58:28 --> [Caused by] mysqli_sql_exception: Illegal parameter data types int and row for operation '='
in SYSTEMPATH\Database\MySQLi\Connection.php on line 312.
 1 SYSTEMPATH\Database\MySQLi\Connection.php(312): mysqli->query('
			SELECT
				mst.shinsa_target_id
				,mst.shinsa_target_name
			FROM
				m_holder_grade hgra 
				INNER JOIN m_holder_group hgro 
					ON hgro.holder_group_id = hgra.holder_group_id 
				INNER JOIN m_shinsa_target mst 
					ON mst.pass_holder_id = hgro.holder_id
			WHERE
				hgra.holder_grade_id IN ((\'5\',\'7\'))

			UNION ALL

			SELECT
				mst.shinsa_target_id
				,mst.shinsa_target_name
			FROM
				m_holder_grade hgra 
				INNER JOIN m_grade_group ggr
					ON ggr.grade_group_id = hgra.grade_group_id
				INNER JOIN m_shinsa_target mst 
					ON mst.pass_grade_group_id = ggr.grade_id 
			WHERE
				hgra.holder_grade_id IN ((\'5\',\'7\'))

        	ORDER BY shinsa_target_id ASC
		', 0)
 2 SYSTEMPATH\Database\BaseConnection.php(734): CodeIgniter\Database\MySQLi\Connection->execute('
			SELECT
				mst.shinsa_target_id
				,mst.shinsa_target_name
			FROM
				m_holder_grade hgra 
				INNER JOIN m_holder_group hgro 
					ON hgro.holder_group_id = hgra.holder_group_id 
				INNER JOIN m_shinsa_target mst 
					ON mst.pass_holder_id = hgro.holder_id
			WHERE
				hgra.holder_grade_id IN ((\'5\',\'7\'))

			UNION ALL

			SELECT
				mst.shinsa_target_id
				,mst.shinsa_target_name
			FROM
				m_holder_grade hgra 
				INNER JOIN m_grade_group ggr
					ON ggr.grade_group_id = hgra.grade_group_id
				INNER JOIN m_shinsa_target mst 
					ON mst.pass_grade_group_id = ggr.grade_id 
			WHERE
				hgra.holder_grade_id IN ((\'5\',\'7\'))

        	ORDER BY shinsa_target_id ASC
		')
 3 SYSTEMPATH\Database\BaseConnection.php(648): CodeIgniter\Database\BaseConnection->simpleQuery('
			SELECT
				mst.shinsa_target_id
				,mst.shinsa_target_name
			FROM
				m_holder_grade hgra 
				INNER JOIN m_holder_group hgro 
					ON hgro.holder_group_id = hgra.holder_group_id 
				INNER JOIN m_shinsa_target mst 
					ON mst.pass_holder_id = hgro.holder_id
			WHERE
				hgra.holder_grade_id IN ((\'5\',\'7\'))

			UNION ALL

			SELECT
				mst.shinsa_target_id
				,mst.shinsa_target_name
			FROM
				m_holder_grade hgra 
				INNER JOIN m_grade_group ggr
					ON ggr.grade_group_id = hgra.grade_group_id
				INNER JOIN m_shinsa_target mst 
					ON mst.pass_grade_group_id = ggr.grade_id 
			WHERE
				hgra.holder_grade_id IN ((\'5\',\'7\'))

        	ORDER BY shinsa_target_id ASC
		')
 4 APPPATH\Models\BaseQueryModel.php(75): CodeIgniter\Database\BaseConnection->query('
			SELECT
				mst.shinsa_target_id
				,mst.shinsa_target_name
			FROM
				m_holder_grade hgra 
				INNER JOIN m_holder_group hgro 
					ON hgro.holder_group_id = hgra.holder_group_id 
				INNER JOIN m_shinsa_target mst 
					ON mst.pass_holder_id = hgro.holder_id
			WHERE
				hgra.holder_grade_id IN (:holderGradeIdList:)

			UNION ALL

			SELECT
				mst.shinsa_target_id
				,mst.shinsa_target_name
			FROM
				m_holder_grade hgra 
				INNER JOIN m_grade_group ggr
					ON ggr.grade_group_id = hgra.grade_group_id
				INNER JOIN m_shinsa_target mst 
					ON mst.pass_grade_group_id = ggr.grade_id 
			WHERE
				hgra.holder_grade_id IN (:holderGradeIdList:)

        	ORDER BY shinsa_target_id ASC
		', [...])
 5 APPPATH\Models\ShinsaModel.php(874): App\Models\BaseQueryModel->get_result_array('
			SELECT
				mst.shinsa_target_id
				,mst.shinsa_target_name
			FROM
				m_holder_grade hgra 
				INNER JOIN m_holder_group hgro 
					ON hgro.holder_group_id = hgra.holder_group_id 
				INNER JOIN m_shinsa_target mst 
					ON mst.pass_holder_id = hgro.holder_id
			WHERE
				hgra.holder_grade_id IN (:holderGradeIdList:)

			UNION ALL

			SELECT
				mst.shinsa_target_id
				,mst.shinsa_target_name
			FROM
				m_holder_grade hgra 
				INNER JOIN m_grade_group ggr
					ON ggr.grade_group_id = hgra.grade_group_id
				INNER JOIN m_shinsa_target mst 
					ON mst.pass_grade_group_id = ggr.grade_id 
			WHERE
				hgra.holder_grade_id IN (:holderGradeIdList:)

        	ORDER BY shinsa_target_id ASC
		', [...])
 6 APPPATH\Libraries\ShinsaLibrarie.php(250): App\Models\ShinsaModel->get_shinsa_target_all_list([...])
 7 APPPATH\Controllers\Shinsa.php(110): App\Libraries\ShinsaLibrarie->get_shinsa_target_all_list([...])
 8 SYSTEMPATH\CodeIgniter.php(933): App\Controllers\Shinsa->detail('33')
 9 SYSTEMPATH\CodeIgniter.php(509): CodeIgniter\CodeIgniter->runController(Object(App\Controllers\Shinsa))
10 SYSTEMPATH\CodeIgniter.php(355): CodeIgniter\CodeIgniter->handleRequest(null, Object(Config\Cache), false)
11 SYSTEMPATH\Boot.php(325): CodeIgniter\CodeIgniter->run()
12 SYSTEMPATH\Boot.php(67): CodeIgniter\Boot::runCodeIgniter(Object(CodeIgniter\CodeIgniter))
13 FCPATH\index.php(56): CodeIgniter\Boot::bootWeb(Object(Config\Paths))
CRITICAL - 2026-05-03 16:08:58 --> ErrorException: Undefined array key "holder_grade_id"
[Method: GET, Route: shinsa/detail/33]
in APPPATH\Helpers\shinsa_helper.php on line 840.
 1 APPPATH\Helpers\shinsa_helper.php(840): CodeIgniter\Debug\Exceptions->errorHandler(2, 'Undefined array key "holder_grade_id"', 'C:\\xampp_htdocs\\kasugaikyudo\\production\\app\\Helpers\\shinsa_helper.php', 840)
 2 APPPATH\Views\admin\shinsa\modal_proxy.php(13): shinsa_holder_grade_form_dropdown([...], 'shinsa-target-id', '', 'holder_grade_id', 'holder_grade_name', '', true)
 3 SYSTEMPATH\View\View.php(234): include('C:\\xampp_htdocs\\kasugaikyudo\\production\\app\\Views\\admin\\shinsa\\modal_proxy.php')
 4 SYSTEMPATH\View\View.php(237): CodeIgniter\View\View->CodeIgniter\View\{closure}()
 5 SYSTEMPATH\Common.php(1171): CodeIgniter\View\View->render('admin/shinsa/modal_proxy', [], true)
 6 APPPATH\Controllers\Shinsa.php(159): view('admin/shinsa/modal_proxy')
 7 SYSTEMPATH\CodeIgniter.php(933): App\Controllers\Shinsa->detail('33')
 8 SYSTEMPATH\CodeIgniter.php(509): CodeIgniter\CodeIgniter->runController(Object(App\Controllers\Shinsa))
 9 SYSTEMPATH\CodeIgniter.php(355): CodeIgniter\CodeIgniter->handleRequest(null, Object(Config\Cache), false)
10 SYSTEMPATH\Boot.php(325): CodeIgniter\CodeIgniter->run()
11 SYSTEMPATH\Boot.php(67): CodeIgniter\Boot::runCodeIgniter(Object(CodeIgniter\CodeIgniter))
12 FCPATH\index.php(56): CodeIgniter\Boot::bootWeb(Object(Config\Paths))
CRITICAL - 2026-05-03 16:10:23 --> ErrorException: Undefined array key "holder_grade_id"
[Method: GET, Route: shinsa/detail/33]
in APPPATH\Helpers\shinsa_helper.php on line 840.
 1 APPPATH\Helpers\shinsa_helper.php(840): CodeIgniter\Debug\Exceptions->errorHandler(2, 'Undefined array key "holder_grade_id"', 'C:\\xampp_htdocs\\kasugaikyudo\\production\\app\\Helpers\\shinsa_helper.php', 840)
 2 APPPATH\Views\admin\shinsa\modal_proxy.php(13): shinsa_holder_grade_form_dropdown([...], 'shinsa-target-id', '', 'holder_grade_id', 'shinsa_target_id', '', true)
 3 SYSTEMPATH\View\View.php(234): include('C:\\xampp_htdocs\\kasugaikyudo\\production\\app\\Views\\admin\\shinsa\\modal_proxy.php')
 4 SYSTEMPATH\View\View.php(237): CodeIgniter\View\View->CodeIgniter\View\{closure}()
 5 SYSTEMPATH\Common.php(1171): CodeIgniter\View\View->render('admin/shinsa/modal_proxy', [], true)
 6 APPPATH\Controllers\Shinsa.php(159): view('admin/shinsa/modal_proxy')
 7 SYSTEMPATH\CodeIgniter.php(933): App\Controllers\Shinsa->detail('33')
 8 SYSTEMPATH\CodeIgniter.php(509): CodeIgniter\CodeIgniter->runController(Object(App\Controllers\Shinsa))
 9 SYSTEMPATH\CodeIgniter.php(355): CodeIgniter\CodeIgniter->handleRequest(null, Object(Config\Cache), false)
10 SYSTEMPATH\Boot.php(325): CodeIgniter\CodeIgniter->run()
11 SYSTEMPATH\Boot.php(67): CodeIgniter\Boot::runCodeIgniter(Object(CodeIgniter\CodeIgniter))
12 FCPATH\index.php(56): CodeIgniter\Boot::bootWeb(Object(Config\Paths))
CRITICAL - 2026-05-03 16:11:47 --> ErrorException: Undefined array key "holder_grade_id"
[Method: GET, Route: shinsa/detail/33]
in APPPATH\Helpers\shinsa_helper.php on line 840.
 1 APPPATH\Helpers\shinsa_helper.php(840): CodeIgniter\Debug\Exceptions->errorHandler(2, 'Undefined array key "holder_grade_id"', 'C:\\xampp_htdocs\\kasugaikyudo\\production\\app\\Helpers\\shinsa_helper.php', 840)
 2 APPPATH\Views\admin\shinsa\modal_proxy.php(13): shinsa_holder_grade_form_dropdown([...], 'shinsa-target-id', '', 'holder_grade_id', 'shinsa_target_id', '', true)
 3 SYSTEMPATH\View\View.php(234): include('C:\\xampp_htdocs\\kasugaikyudo\\production\\app\\Views\\admin\\shinsa\\modal_proxy.php')
 4 SYSTEMPATH\View\View.php(237): CodeIgniter\View\View->CodeIgniter\View\{closure}()
 5 SYSTEMPATH\Common.php(1171): CodeIgniter\View\View->render('admin/shinsa/modal_proxy', [], true)
 6 APPPATH\Controllers\Shinsa.php(159): view('admin/shinsa/modal_proxy')
 7 SYSTEMPATH\CodeIgniter.php(933): App\Controllers\Shinsa->detail('33')
 8 SYSTEMPATH\CodeIgniter.php(509): CodeIgniter\CodeIgniter->runController(Object(App\Controllers\Shinsa))
 9 SYSTEMPATH\CodeIgniter.php(355): CodeIgniter\CodeIgniter->handleRequest(null, Object(Config\Cache), false)
10 SYSTEMPATH\Boot.php(325): CodeIgniter\CodeIgniter->run()
11 SYSTEMPATH\Boot.php(67): CodeIgniter\Boot::runCodeIgniter(Object(CodeIgniter\CodeIgniter))
12 FCPATH\index.php(56): CodeIgniter\Boot::bootWeb(Object(Config\Paths))
CRITICAL - 2026-05-03 16:24:32 --> ErrorException: Trying to access array offset on value of type int
[Method: GET, Route: shinsa/detail/33]
in APPPATH\Helpers\common_helper.php on line 34.
 1 APPPATH\Helpers\common_helper.php(34): CodeIgniter\Debug\Exceptions->errorHandler(2, 'Trying to access array offset on value of type int', 'C:\\xampp_htdocs\\kasugaikyudo\\production\\app\\Helpers\\common_helper.php', 34)
 2 APPPATH\Views\admin\shinsa\modal_proxy.php(14): form_dropdown_key_unshift('shinsa-target-id', [...], 'shinsa_target_id', 'shinsa_target_name', '', 'id="shinsa-target-id" class="form-select form-select-lg mb-3"')
 3 SYSTEMPATH\View\View.php(234): include('C:\\xampp_htdocs\\kasugaikyudo\\production\\app\\Views\\admin\\shinsa\\modal_proxy.php')
 4 SYSTEMPATH\View\View.php(237): CodeIgniter\View\View->CodeIgniter\View\{closure}()
 5 SYSTEMPATH\Common.php(1171): CodeIgniter\View\View->render('admin/shinsa/modal_proxy', [], true)
 6 APPPATH\Controllers\Shinsa.php(159): view('admin/shinsa/modal_proxy')
 7 SYSTEMPATH\CodeIgniter.php(933): App\Controllers\Shinsa->detail('33')
 8 SYSTEMPATH\CodeIgniter.php(509): CodeIgniter\CodeIgniter->runController(Object(App\Controllers\Shinsa))
 9 SYSTEMPATH\CodeIgniter.php(355): CodeIgniter\CodeIgniter->handleRequest(null, Object(Config\Cache), false)
10 SYSTEMPATH\Boot.php(325): CodeIgniter\CodeIgniter->run()
11 SYSTEMPATH\Boot.php(67): CodeIgniter\Boot::runCodeIgniter(Object(CodeIgniter\CodeIgniter))
12 FCPATH\index.php(56): CodeIgniter\Boot::bootWeb(Object(Config\Paths))
CRITICAL - 2026-05-03 16:24:44 --> ErrorException: Trying to access array offset on value of type int
[Method: GET, Route: shinsa/detail/33]
in APPPATH\Helpers\common_helper.php on line 34.
 1 APPPATH\Helpers\common_helper.php(34): CodeIgniter\Debug\Exceptions->errorHandler(2, 'Trying to access array offset on value of type int', 'C:\\xampp_htdocs\\kasugaikyudo\\production\\app\\Helpers\\common_helper.php', 34)
 2 APPPATH\Views\admin\shinsa\modal_proxy.php(13): form_dropdown_key_unshift('shinsa-target-id', [...], 'shinsa_target_id', 'shinsa_target_name', '', 'id="shinsa-target-id" class="form-select form-select-lg mb-3"')
 3 SYSTEMPATH\View\View.php(234): include('C:\\xampp_htdocs\\kasugaikyudo\\production\\app\\Views\\admin\\shinsa\\modal_proxy.php')
 4 SYSTEMPATH\View\View.php(237): CodeIgniter\View\View->CodeIgniter\View\{closure}()
 5 SYSTEMPATH\Common.php(1171): CodeIgniter\View\View->render('admin/shinsa/modal_proxy', [], true)
 6 APPPATH\Controllers\Shinsa.php(159): view('admin/shinsa/modal_proxy')
 7 SYSTEMPATH\CodeIgniter.php(933): App\Controllers\Shinsa->detail('33')
 8 SYSTEMPATH\CodeIgniter.php(509): CodeIgniter\CodeIgniter->runController(Object(App\Controllers\Shinsa))
 9 SYSTEMPATH\CodeIgniter.php(355): CodeIgniter\CodeIgniter->handleRequest(null, Object(Config\Cache), false)
10 SYSTEMPATH\Boot.php(325): CodeIgniter\CodeIgniter->run()
11 SYSTEMPATH\Boot.php(67): CodeIgniter\Boot::runCodeIgniter(Object(CodeIgniter\CodeIgniter))
12 FCPATH\index.php(56): CodeIgniter\Boot::bootWeb(Object(Config\Paths))
CRITICAL - 2026-05-03 16:25:06 --> ErrorException: Trying to access array offset on value of type int
[Method: GET, Route: shinsa/detail/33]
in APPPATH\Helpers\common_helper.php on line 34.
 1 APPPATH\Helpers\common_helper.php(34): CodeIgniter\Debug\Exceptions->errorHandler(2, 'Trying to access array offset on value of type int', 'C:\\xampp_htdocs\\kasugaikyudo\\production\\app\\Helpers\\common_helper.php', 34)
 2 APPPATH\Views\admin\shinsa\modal_proxy.php(13): form_dropdown_key_unshift('shinsa-target-id', [...], 'shinsa_target_id', 'shinsa_target_name', '', 'id="shinsa-target-id" class="form-select form-select-lg mb-3"')
 3 SYSTEMPATH\View\View.php(234): include('C:\\xampp_htdocs\\kasugaikyudo\\production\\app\\Views\\admin\\shinsa\\modal_proxy.php')
 4 SYSTEMPATH\View\View.php(237): CodeIgniter\View\View->CodeIgniter\View\{closure}()
 5 SYSTEMPATH\Common.php(1171): CodeIgniter\View\View->render('admin/shinsa/modal_proxy', [], true)
 6 APPPATH\Controllers\Shinsa.php(159): view('admin/shinsa/modal_proxy')
 7 SYSTEMPATH\CodeIgniter.php(933): App\Controllers\Shinsa->detail('33')
 8 SYSTEMPATH\CodeIgniter.php(509): CodeIgniter\CodeIgniter->runController(Object(App\Controllers\Shinsa))
 9 SYSTEMPATH\CodeIgniter.php(355): CodeIgniter\CodeIgniter->handleRequest(null, Object(Config\Cache), false)
10 SYSTEMPATH\Boot.php(325): CodeIgniter\CodeIgniter->run()
11 SYSTEMPATH\Boot.php(67): CodeIgniter\Boot::runCodeIgniter(Object(CodeIgniter\CodeIgniter))
12 FCPATH\index.php(56): CodeIgniter\Boot::bootWeb(Object(Config\Paths))
CRITICAL - 2026-05-03 16:25:52 --> ErrorException: Trying to access array offset on value of type int
[Method: GET, Route: shinsa/detail/33]
in APPPATH\Helpers\common_helper.php on line 34.
 1 APPPATH\Helpers\common_helper.php(34): CodeIgniter\Debug\Exceptions->errorHandler(2, 'Trying to access array offset on value of type int', 'C:\\xampp_htdocs\\kasugaikyudo\\production\\app\\Helpers\\common_helper.php', 34)
 2 APPPATH\Views\admin\shinsa\modal_proxy.php(13): form_dropdown_key_unshift('shinsa-target-id', [...], 'shinsa_target_id', 'shinsa_target_name', '', 'id="shinsa-target-id" class="form-select form-select-lg mb-3"')
 3 SYSTEMPATH\View\View.php(234): include('C:\\xampp_htdocs\\kasugaikyudo\\production\\app\\Views\\admin\\shinsa\\modal_proxy.php')
 4 SYSTEMPATH\View\View.php(237): CodeIgniter\View\View->CodeIgniter\View\{closure}()
 5 SYSTEMPATH\Common.php(1171): CodeIgniter\View\View->render('admin/shinsa/modal_proxy', [], true)
 6 APPPATH\Controllers\Shinsa.php(159): view('admin/shinsa/modal_proxy')
 7 SYSTEMPATH\CodeIgniter.php(933): App\Controllers\Shinsa->detail('33')
 8 SYSTEMPATH\CodeIgniter.php(509): CodeIgniter\CodeIgniter->runController(Object(App\Controllers\Shinsa))
 9 SYSTEMPATH\CodeIgniter.php(355): CodeIgniter\CodeIgniter->handleRequest(null, Object(Config\Cache), false)
10 SYSTEMPATH\Boot.php(325): CodeIgniter\CodeIgniter->run()
11 SYSTEMPATH\Boot.php(67): CodeIgniter\Boot::runCodeIgniter(Object(CodeIgniter\CodeIgniter))
12 FCPATH\index.php(56): CodeIgniter\Boot::bootWeb(Object(Config\Paths))
CRITICAL - 2026-05-03 16:39:36 --> ErrorException: Undefined array key "shinsa-target-id"
[Method: GET, Route: shinsa/detail/33]
in APPPATH\Helpers\common_helper.php on line 34.
 1 APPPATH\Helpers\common_helper.php(34): CodeIgniter\Debug\Exceptions->errorHandler(2, 'Undefined array key "shinsa-target-id"', 'C:\\xampp_htdocs\\kasugaikyudo\\production\\app\\Helpers\\common_helper.php', 34)
 2 APPPATH\Helpers\shinsa_helper.php(835): form_dropdown_key_unshift('shinsa_target_id', [...], 'shinsa-target-id', '', 'shinsa_target_name', '')
 3 APPPATH\Views\admin\shinsa\modal_proxy.php(13): shinsa_holder_grade_form_dropdown('shinsa_target_id', [...], 'shinsa-target-id', '', 'shinsa_target_name', '')
 4 SYSTEMPATH\View\View.php(234): include('C:\\xampp_htdocs\\kasugaikyudo\\production\\app\\Views\\admin\\shinsa\\modal_proxy.php')
 5 SYSTEMPATH\View\View.php(237): CodeIgniter\View\View->CodeIgniter\View\{closure}()
 6 SYSTEMPATH\Common.php(1171): CodeIgniter\View\View->render('admin/shinsa/modal_proxy', [], true)
 7 APPPATH\Controllers\Shinsa.php(159): view('admin/shinsa/modal_proxy')
 8 SYSTEMPATH\CodeIgniter.php(933): App\Controllers\Shinsa->detail('33')
 9 SYSTEMPATH\CodeIgniter.php(509): CodeIgniter\CodeIgniter->runController(Object(App\Controllers\Shinsa))
10 SYSTEMPATH\CodeIgniter.php(355): CodeIgniter\CodeIgniter->handleRequest(null, Object(Config\Cache), false)
11 SYSTEMPATH\Boot.php(325): CodeIgniter\CodeIgniter->run()
12 SYSTEMPATH\Boot.php(67): CodeIgniter\Boot::runCodeIgniter(Object(CodeIgniter\CodeIgniter))
13 FCPATH\index.php(56): CodeIgniter\Boot::bootWeb(Object(Config\Paths))
CRITICAL - 2026-05-03 16:40:17 --> ErrorException: Undefined array key "shinsa-target-id"
[Method: GET, Route: shinsa/detail/33]
in APPPATH\Helpers\common_helper.php on line 34.
 1 APPPATH\Helpers\common_helper.php(34): CodeIgniter\Debug\Exceptions->errorHandler(2, 'Undefined array key "shinsa-target-id"', 'C:\\xampp_htdocs\\kasugaikyudo\\production\\app\\Helpers\\common_helper.php', 34)
 2 APPPATH\Helpers\shinsa_helper.php(835): form_dropdown_key_unshift('shinsa_target_id', [...], 'shinsa-target-id', '', 'shinsa_target_name', '')
 3 APPPATH\Views\admin\shinsa\modal_proxy.php(13): shinsa_holder_grade_form_dropdown('shinsa_target_id', [...], 'shinsa-target-id', '', 'shinsa_target_name', '')
 4 SYSTEMPATH\View\View.php(234): include('C:\\xampp_htdocs\\kasugaikyudo\\production\\app\\Views\\admin\\shinsa\\modal_proxy.php')
 5 SYSTEMPATH\View\View.php(237): CodeIgniter\View\View->CodeIgniter\View\{closure}()
 6 SYSTEMPATH\Common.php(1171): CodeIgniter\View\View->render('admin/shinsa/modal_proxy', [], true)
 7 APPPATH\Controllers\Shinsa.php(159): view('admin/shinsa/modal_proxy')
 8 SYSTEMPATH\CodeIgniter.php(933): App\Controllers\Shinsa->detail('33')
 9 SYSTEMPATH\CodeIgniter.php(509): CodeIgniter\CodeIgniter->runController(Object(App\Controllers\Shinsa))
10 SYSTEMPATH\CodeIgniter.php(355): CodeIgniter\CodeIgniter->handleRequest(null, Object(Config\Cache), false)
11 SYSTEMPATH\Boot.php(325): CodeIgniter\CodeIgniter->run()
12 SYSTEMPATH\Boot.php(67): CodeIgniter\Boot::runCodeIgniter(Object(CodeIgniter\CodeIgniter))
13 FCPATH\index.php(56): CodeIgniter\Boot::bootWeb(Object(Config\Paths))
CRITICAL - 2026-05-03 16:40:26 --> ErrorException: Undefined array key "shinsa-target-id"
[Method: GET, Route: shinsa/detail/33]
in APPPATH\Helpers\common_helper.php on line 34.
 1 APPPATH\Helpers\common_helper.php(34): CodeIgniter\Debug\Exceptions->errorHandler(2, 'Undefined array key "shinsa-target-id"', 'C:\\xampp_htdocs\\kasugaikyudo\\production\\app\\Helpers\\common_helper.php', 34)
 2 APPPATH\Helpers\shinsa_helper.php(835): form_dropdown_key_unshift('shinsa_target_id', [...], 'shinsa-target-id', '', 'shinsa_target_name', '')
 3 APPPATH\Views\admin\shinsa\modal_proxy.php(13): shinsa_holder_grade_form_dropdown('shinsa_target_id', [...], 'shinsa-target-id', '', 'shinsa_target_name', '')
 4 SYSTEMPATH\View\View.php(234): include('C:\\xampp_htdocs\\kasugaikyudo\\production\\app\\Views\\admin\\shinsa\\modal_proxy.php')
 5 SYSTEMPATH\View\View.php(237): CodeIgniter\View\View->CodeIgniter\View\{closure}()
 6 SYSTEMPATH\Common.php(1171): CodeIgniter\View\View->render('admin/shinsa/modal_proxy', [], true)
 7 APPPATH\Controllers\Shinsa.php(159): view('admin/shinsa/modal_proxy')
 8 SYSTEMPATH\CodeIgniter.php(933): App\Controllers\Shinsa->detail('33')
 9 SYSTEMPATH\CodeIgniter.php(509): CodeIgniter\CodeIgniter->runController(Object(App\Controllers\Shinsa))
10 SYSTEMPATH\CodeIgniter.php(355): CodeIgniter\CodeIgniter->handleRequest(null, Object(Config\Cache), false)
11 SYSTEMPATH\Boot.php(325): CodeIgniter\CodeIgniter->run()
12 SYSTEMPATH\Boot.php(67): CodeIgniter\Boot::runCodeIgniter(Object(CodeIgniter\CodeIgniter))
13 FCPATH\index.php(56): CodeIgniter\Boot::bootWeb(Object(Config\Paths))
CRITICAL - 2026-05-03 16:40:32 --> ErrorException: Undefined array key "shinsa-target-id"
[Method: GET, Route: shinsa/detail/33]
in APPPATH\Helpers\common_helper.php on line 34.
 1 APPPATH\Helpers\common_helper.php(34): CodeIgniter\Debug\Exceptions->errorHandler(2, 'Undefined array key "shinsa-target-id"', 'C:\\xampp_htdocs\\kasugaikyudo\\production\\app\\Helpers\\common_helper.php', 34)
 2 APPPATH\Helpers\shinsa_helper.php(835): form_dropdown_key_unshift('shinsa_target_id', [...], 'shinsa-target-id', '', 'shinsa_target_name', '')
 3 APPPATH\Views\admin\shinsa\modal_proxy.php(13): shinsa_holder_grade_form_dropdown('shinsa_target_id', [...], 'shinsa-target-id', '', 'shinsa_target_name', '')
 4 SYSTEMPATH\View\View.php(234): include('C:\\xampp_htdocs\\kasugaikyudo\\production\\app\\Views\\admin\\shinsa\\modal_proxy.php')
 5 SYSTEMPATH\View\View.php(237): CodeIgniter\View\View->CodeIgniter\View\{closure}()
 6 SYSTEMPATH\Common.php(1171): CodeIgniter\View\View->render('admin/shinsa/modal_proxy', [], true)
 7 APPPATH\Controllers\Shinsa.php(159): view('admin/shinsa/modal_proxy')
 8 SYSTEMPATH\CodeIgniter.php(933): App\Controllers\Shinsa->detail('33')
 9 SYSTEMPATH\CodeIgniter.php(509): CodeIgniter\CodeIgniter->runController(Object(App\Controllers\Shinsa))
10 SYSTEMPATH\CodeIgniter.php(355): CodeIgniter\CodeIgniter->handleRequest(null, Object(Config\Cache), false)
11 SYSTEMPATH\Boot.php(325): CodeIgniter\CodeIgniter->run()
12 SYSTEMPATH\Boot.php(67): CodeIgniter\Boot::runCodeIgniter(Object(CodeIgniter\CodeIgniter))
13 FCPATH\index.php(56): CodeIgniter\Boot::bootWeb(Object(Config\Paths))
CRITICAL - 2026-05-03 16:41:14 --> ErrorException: Undefined array key "shinsa-target-id"
[Method: GET, Route: shinsa/detail/33]
in APPPATH\Helpers\common_helper.php on line 34.
 1 APPPATH\Helpers\common_helper.php(34): CodeIgniter\Debug\Exceptions->errorHandler(2, 'Undefined array key "shinsa-target-id"', 'C:\\xampp_htdocs\\kasugaikyudo\\production\\app\\Helpers\\common_helper.php', 34)
 2 APPPATH\Helpers\shinsa_helper.php(835): form_dropdown_key_unshift('shinsa_target_id', [...], 'shinsa-target-id', '', 'shinsa_target_name', '')
 3 APPPATH\Views\admin\shinsa\modal_proxy.php(13): shinsa_holder_grade_form_dropdown('shinsa_target_id', [...], 'shinsa-target-id', '', 'shinsa_target_name', '')
 4 SYSTEMPATH\View\View.php(234): include('C:\\xampp_htdocs\\kasugaikyudo\\production\\app\\Views\\admin\\shinsa\\modal_proxy.php')
 5 SYSTEMPATH\View\View.php(237): CodeIgniter\View\View->CodeIgniter\View\{closure}()
 6 SYSTEMPATH\Common.php(1171): CodeIgniter\View\View->render('admin/shinsa/modal_proxy', [], true)
 7 APPPATH\Controllers\Shinsa.php(159): view('admin/shinsa/modal_proxy')
 8 SYSTEMPATH\CodeIgniter.php(933): App\Controllers\Shinsa->detail('33')
 9 SYSTEMPATH\CodeIgniter.php(509): CodeIgniter\CodeIgniter->runController(Object(App\Controllers\Shinsa))
10 SYSTEMPATH\CodeIgniter.php(355): CodeIgniter\CodeIgniter->handleRequest(null, Object(Config\Cache), false)
11 SYSTEMPATH\Boot.php(325): CodeIgniter\CodeIgniter->run()
12 SYSTEMPATH\Boot.php(67): CodeIgniter\Boot::runCodeIgniter(Object(CodeIgniter\CodeIgniter))
13 FCPATH\index.php(56): CodeIgniter\Boot::bootWeb(Object(Config\Paths))
CRITICAL - 2026-05-03 16:41:33 --> ErrorException: Undefined array key ""
[Method: GET, Route: shinsa/detail/33]
in APPPATH\Helpers\common_helper.php on line 34.
 1 APPPATH\Helpers\common_helper.php(34): CodeIgniter\Debug\Exceptions->errorHandler(2, 'Undefined array key ""', 'C:\\xampp_htdocs\\kasugaikyudo\\production\\app\\Helpers\\common_helper.php', 34)
 2 APPPATH\Helpers\shinsa_helper.php(835): form_dropdown_key_unshift('shinsa_target_id', [...], 'shinsa_target_name', '', 'shinsa_target_name', '')
 3 APPPATH\Views\admin\shinsa\modal_proxy.php(13): shinsa_holder_grade_form_dropdown('shinsa_target_id', [...], 'shinsa_target_name', '', 'shinsa_target_name', '')
 4 SYSTEMPATH\View\View.php(234): include('C:\\xampp_htdocs\\kasugaikyudo\\production\\app\\Views\\admin\\shinsa\\modal_proxy.php')
 5 SYSTEMPATH\View\View.php(237): CodeIgniter\View\View->CodeIgniter\View\{closure}()
 6 SYSTEMPATH\Common.php(1171): CodeIgniter\View\View->render('admin/shinsa/modal_proxy', [], true)
 7 APPPATH\Controllers\Shinsa.php(159): view('admin/shinsa/modal_proxy')
 8 SYSTEMPATH\CodeIgniter.php(933): App\Controllers\Shinsa->detail('33')
 9 SYSTEMPATH\CodeIgniter.php(509): CodeIgniter\CodeIgniter->runController(Object(App\Controllers\Shinsa))
10 SYSTEMPATH\CodeIgniter.php(355): CodeIgniter\CodeIgniter->handleRequest(null, Object(Config\Cache), false)
11 SYSTEMPATH\Boot.php(325): CodeIgniter\CodeIgniter->run()
12 SYSTEMPATH\Boot.php(67): CodeIgniter\Boot::runCodeIgniter(Object(CodeIgniter\CodeIgniter))
13 FCPATH\index.php(56): CodeIgniter\Boot::bootWeb(Object(Config\Paths))
CRITICAL - 2026-05-03 16:42:10 --> ErrorException: Undefined array key ""
[Method: GET, Route: shinsa/detail/33]
in APPPATH\Helpers\common_helper.php on line 34.
 1 APPPATH\Helpers\common_helper.php(34): CodeIgniter\Debug\Exceptions->errorHandler(2, 'Undefined array key ""', 'C:\\xampp_htdocs\\kasugaikyudo\\production\\app\\Helpers\\common_helper.php', 34)
 2 APPPATH\Helpers\shinsa_helper.php(835): form_dropdown_key_unshift('shinsa_target_id', [...], 'shinsa_target_name', '', 'shinsa_target_name', '')
 3 APPPATH\Views\admin\shinsa\modal_proxy.php(13): shinsa_holder_grade_form_dropdown('shinsa_target_id', [...], 'shinsa_target_name', '', 'shinsa_target_name', '')
 4 SYSTEMPATH\View\View.php(234): include('C:\\xampp_htdocs\\kasugaikyudo\\production\\app\\Views\\admin\\shinsa\\modal_proxy.php')
 5 SYSTEMPATH\View\View.php(237): CodeIgniter\View\View->CodeIgniter\View\{closure}()
 6 SYSTEMPATH\Common.php(1171): CodeIgniter\View\View->render('admin/shinsa/modal_proxy', [], true)
 7 APPPATH\Controllers\Shinsa.php(159): view('admin/shinsa/modal_proxy')
 8 SYSTEMPATH\CodeIgniter.php(933): App\Controllers\Shinsa->detail('33')
 9 SYSTEMPATH\CodeIgniter.php(509): CodeIgniter\CodeIgniter->runController(Object(App\Controllers\Shinsa))
10 SYSTEMPATH\CodeIgniter.php(355): CodeIgniter\CodeIgniter->handleRequest(null, Object(Config\Cache), false)
11 SYSTEMPATH\Boot.php(325): CodeIgniter\CodeIgniter->run()
12 SYSTEMPATH\Boot.php(67): CodeIgniter\Boot::runCodeIgniter(Object(CodeIgniter\CodeIgniter))
13 FCPATH\index.php(56): CodeIgniter\Boot::bootWeb(Object(Config\Paths))
CRITICAL - 2026-05-03 23:55:27 --> ErrorException: Undefined variable $memberIdList
[Method: POST, Route: admin/shinsa_add_member_proxy]
in APPPATH\Libraries\Admin\AdminShinsaLibrarie.php on line 288.
 1 APPPATH\Libraries\Admin\AdminShinsaLibrarie.php(288): CodeIgniter\Debug\Exceptions->errorHandler(2, 'Undefined variable $memberIdList', 'C:\\xampp_htdocs\\kasugaikyudo\\production\\app\\Libraries\\Admin\\AdminShinsaLibrarie.php', 288)
 2 APPPATH\Controllers\Admin\AdminShinsa.php(453): App\Libraries\Admin\AdminShinsaLibrarie->shinsa_add_member_proxy(33, 1, 17)
 3 SYSTEMPATH\CodeIgniter.php(933): App\Controllers\Admin\AdminShinsa->ajax_shinsa_add_member_proxy()
 4 SYSTEMPATH\CodeIgniter.php(509): CodeIgniter\CodeIgniter->runController(Object(App\Controllers\Admin\AdminShinsa))
 5 SYSTEMPATH\CodeIgniter.php(355): CodeIgniter\CodeIgniter->handleRequest(null, Object(Config\Cache), false)
 6 SYSTEMPATH\Boot.php(325): CodeIgniter\CodeIgniter->run()
 7 SYSTEMPATH\Boot.php(67): CodeIgniter\Boot::runCodeIgniter(Object(CodeIgniter\CodeIgniter))
 8 FCPATH\index.php(56): CodeIgniter\Boot::bootWeb(Object(Config\Paths))
CRITICAL - 2026-05-03 23:56:10 --> ErrorException: Undefined variable $memberIdList
[Method: POST, Route: admin/shinsa_add_member_proxy]
in APPPATH\Libraries\Admin\AdminShinsaLibrarie.php on line 288.
 1 APPPATH\Libraries\Admin\AdminShinsaLibrarie.php(288): CodeIgniter\Debug\Exceptions->errorHandler(2, 'Undefined variable $memberIdList', 'C:\\xampp_htdocs\\kasugaikyudo\\production\\app\\Libraries\\Admin\\AdminShinsaLibrarie.php', 288)
 2 APPPATH\Controllers\Admin\AdminShinsa.php(453): App\Libraries\Admin\AdminShinsaLibrarie->shinsa_add_member_proxy(33, 1, 17)
 3 SYSTEMPATH\CodeIgniter.php(933): App\Controllers\Admin\AdminShinsa->ajax_shinsa_add_member_proxy()
 4 SYSTEMPATH\CodeIgniter.php(509): CodeIgniter\CodeIgniter->runController(Object(App\Controllers\Admin\AdminShinsa))
 5 SYSTEMPATH\CodeIgniter.php(355): CodeIgniter\CodeIgniter->handleRequest(null, Object(Config\Cache), false)
 6 SYSTEMPATH\Boot.php(325): CodeIgniter\CodeIgniter->run()
 7 SYSTEMPATH\Boot.php(67): CodeIgniter\Boot::runCodeIgniter(Object(CodeIgniter\CodeIgniter))
 8 FCPATH\index.php(56): CodeIgniter\Boot::bootWeb(Object(Config\Paths))
CRITICAL - 2026-05-03 23:56:56 --> ErrorException: Undefined variable $memberIdList
[Method: POST, Route: admin/shinsa_add_member_proxy]
in APPPATH\Libraries\Admin\AdminShinsaLibrarie.php on line 288.
 1 APPPATH\Libraries\Admin\AdminShinsaLibrarie.php(288): CodeIgniter\Debug\Exceptions->errorHandler(2, 'Undefined variable $memberIdList', 'C:\\xampp_htdocs\\kasugaikyudo\\production\\app\\Libraries\\Admin\\AdminShinsaLibrarie.php', 288)
 2 APPPATH\Controllers\Admin\AdminShinsa.php(453): App\Libraries\Admin\AdminShinsaLibrarie->shinsa_add_member_proxy(33, 1, 17)
 3 SYSTEMPATH\CodeIgniter.php(933): App\Controllers\Admin\AdminShinsa->ajax_shinsa_add_member_proxy()
 4 SYSTEMPATH\CodeIgniter.php(509): CodeIgniter\CodeIgniter->runController(Object(App\Controllers\Admin\AdminShinsa))
 5 SYSTEMPATH\CodeIgniter.php(355): CodeIgniter\CodeIgniter->handleRequest(null, Object(Config\Cache), false)
 6 SYSTEMPATH\Boot.php(325): CodeIgniter\CodeIgniter->run()
 7 SYSTEMPATH\Boot.php(67): CodeIgniter\Boot::runCodeIgniter(Object(CodeIgniter\CodeIgniter))
 8 FCPATH\index.php(56): CodeIgniter\Boot::bootWeb(Object(Config\Paths))
